tickerdate,aapl,qcom,intc,avgo,gm,nvda,soxx,spy,fslr
1/2/2015,109.33,74.27,36.36,100.09,34.84,20.13,92.8,204.97,44.55
1/5/2015,106.28,73.92,35.95,98.49,34.34,19.79,91.08,201.76,41.69
1/6/2015,106.29,72.92,35.28,96.25,34.86,19.19,89.06,199.74,40.86
1/7/2015,107.75,73.73,36.02,98.85,35.84,19.14,89.93,202.23,41.75
1/8/2015,111.89,74.5,36.73,103.79,36.2,19.86,92.59,205.91,43.63
1/9/2015,112.02,74.42,36.76,104.9,35.6,19.94,92.67,204.07,44.2
1/12/2015,109.23,73.57,36.64,103.16,35.86,19.69,90.81,202.63,42.83
1/13/2015,110.22,72.97,36.55,102.58,35.25,19.66,89.96,202,42.71
1/14/2015,109.72,72.17,36.33,103.39,34.29,19.74,89.4,200.9,42.28
1/15/2015,106.82,71.38,35.95,101.32,33.42,19.6,88.74,199.29,40.16
1/16/2015,105.96,71.29,36.45,103.82,33.65,19.96,89.72,201.59,40.72
1/20/2015,108.72,72.8,36.09,104.87,33.93,20.02,90.64,201.94,39.83
1/21/2015,109.55,71.59,36.48,105.38,33.89,20.3,91.66,203.07,41.4
1/22/2015,112.4,71.91,36.91,105.2,33.82,20.65,92.16,206,41.89
1/23/2015,112.98,72.18,36.45,107.05,33.75,20.71,91.99,204.95,42.54
1/26/2015,112.9,72.68,35.81,106.73,33.69,20.62,92.23,205.48,44.17
1/27/2015,109.36,71.74,34.19,104.79,33.41,19.66,90.51,202.89,43.72
1/28/2015,115.31,70.9,33.78,105,32.82,19.31,90.09,200.07,42.7
1/29/2015,118.9,63.69,34.21,106.53,33.16,19.78,90.11,201.91,42.36
1/30/2015,117.15,62.46,33.04,102.88,32.62,19.21,88.36,199.36,42.32
2/2/2015,118.49,65.53,33.65,102.42,33.11,19.62,88.6,201.95,44.29
2/3/2015,118.64,66.96,33.7,103.2,33.98,20.11,90.16,204.78,47.21
2/4/2015,119.45,66.91,33.56,104.8,35.82,20.16,90.51,203.7,47.3
2/5/2015,119.94,67.95,33.94,106.2,36.25,20.49,91.39,206.09,47.53
2/6/2015,118.86,66.35,33.29,104.74,35.99,20.42,90.89,205.46,47.59
2/9/2015,119.75,67.28,32.93,102.24,36,20.38,89.93,204.56,46.83
2/10/2015,122.08,70.31,33.7,107.04,37.52,20.95,92.98,206.77,45.2
2/11/2015,124.85,70.21,33.53,107.93,37.67,20.81,93.28,206.95,49.25
2/12/2015,126.36,70.39,34.13,109.7,38.02,22.3,94.68,208.89,49.64
2/13/2015,127.06,70.88,34.36,110.15,37.6,22.31,95.45,209.82,49.09
2/17/2015,127.7,70.8,34.73,110.87,37.22,22.38,95.73,210.14,49.28
2/18/2015,128.71,70.41,34.28,110,37.17,22.14,95.47,210.05,49.95
2/19/2015,128.47,70.98,34.21,110.9,37.51,22.18,95.74,210.05,48.7
2/20/2015,129.46,71.52,34.41,112.06,37.65,22.34,96.31,211.2,49.58
2/23/2015,133,70.94,33.75,112.85,37.69,22.16,95.7,211.22,49.2
2/24/2015,132.17,71.37,34.47,113.18,37.75,22.31,96.98,211.83,57.4
2/25/2015,128.74,71.68,33.94,112.68,37.86,22.14,96.45,211.63,57.96
2/26/2015,130.37,72.01,33.65,129.3,37.55,22.2,97.09,211.4,58.49
2/27/2015,128.45,72.5,33.26,127.62,37.32,22.06,96.84,210.78,58.92
3/2/2015,128.93,72.61,34.06,129.04,37.61,22.59,99.09,212.02,61.11
3/3/2015,129.33,71.41,34.1,128.22,37.8,22.18,98.41,211.07,60.69
3/4/2015,128.54,70.85,34.12,129.4,37.57,22.43,96.78,210.2,61.2
3/5/2015,126.31,70.93,33.73,130.57,37.61,22.86,97.94,210.48,61.66
3/6/2015,126.59,71.51,33.21,127.89,36.83,22.55,97.07,207.46,60.61
3/9/2015,127.17,72.71,32.72,127.12,37.66,22.61,96.62,208.37,61.06
3/10/2015,124.74,72.14,31.7,125.12,37.58,23,95.38,204.98,59.86
3/11/2015,122.3,70.27,32.33,124.66,37.78,23.08,95.78,204.43,59.29
3/12/2015,124.52,69.46,30.79,126.12,38.45,22.67,94.97,207.11,60.61
3/13/2015,123.58,68.63,30.93,125,38.05,22.7,95.14,205.77,60.5
3/16/2015,124.86,70,30.83,129.87,38.58,22.97,96.97,208.6,60.22
3/17/2015,127.15,69.83,30.59,129.1,38.28,23.25,96.32,207.87,60.4
3/18/2015,128.36,70.23,30.89,130.44,38.5,22.87,96.17,210.43,61.43
3/19/2015,127.38,69.83,30.75,132.04,38.66,23.22,97.56,209.47,60.3
3/20/2015,126.91,70.04,31.31,133.29,38.83,23.47,99.11,210.39,60.26
3/23/2015,127.3,70.07,31.2,134.44,38.59,22.67,98.59,209.95,60.58
3/24/2015,126.69,68.98,30.8,133.12,37.85,22.41,98.11,208.81,62.52
3/25/2015,123.48,67.21,29.86,124.43,37.38,21.04,93.73,205.85,60.09
3/26/2015,124.26,67.16,30.05,124.71,37.35,20.97,91.83,205.25,59.62
3/27/2015,123.25,67.03,31.97,128.21,37.31,21.38,91.36,205.67,59.61
3/30/2015,126.37,68.88,31.46,130.55,37.68,21.47,95.06,208.22,60.69
3/31/2015,124.44,69.34,31.27,126.98,37.48,20.93,94.13,206.34,59.79
4/1/2015,124.32,69.43,30.81,125.63,36.74,21.01,93.43,205.81,60.83
4/2/2015,125.4,67.89,30.81,125.02,36.49,21.06,93.28,206.35,61.19
4/6/2015,127.37,67.78,31.04,125.83,36.66,21.67,93.6,207.77,61.51
4/7/2015,126,67.32,31.26,125.65,35.73,21.86,93.65,207.35,61.27
4/8/2015,125.6,67.26,31.31,126.79,36.11,22.02,94.23,207.99,60.65
4/9/2015,126.55,68.81,31.25,127.22,36.29,22.53,95.42,208.87,61.18
4/10/2015,127.12,69.16,31.96,126.75,36.58,22.76,95.82,210.02,61.3
4/13/2015,126.99,68.67,31.73,125.35,36.4,22.55,95.22,209.05,61.41
4/14/2015,126.2,68.91,32.07,123.98,36.48,22.36,94.29,209.49,61.07
4/15/2015,126.75,68.46,32.83,125.9,36.95,22.63,95.86,210.52,63.74
4/16/2015,126.15,67.91,32.87,125.33,37.08,22.49,95.42,210.45,62.89
4/17/2015,124.75,67.12,32.47,121.85,36.64,22.2,94.06,208.02,61.94
4/20/2015,127.59,68.64,32.73,123.03,37.11,22.09,94.89,209.81,62.25
4/21/2015,126.93,68.57,32.43,123.1,37.16,22.06,95.55,209.57,63.11
4/22/2015,128.56,68.9,32.61,127.9,37.14,22.31,96.86,210.53,63.89
4/23/2015,129.7,68.35,32.35,124.07,35.92,22.22,95.36,211.14,64.81
4/24/2015,130.28,68.24,32.08,119.5,35.59,22.03,93.78,211.66,63.43
4/27/2015,132.94,69.23,32.5,120.1,35.78,22.2,94.1,210.89,62.92
4/28/2015,130.45,69.65,33.02,117.45,35.72,22.31,94.15,211.48,63.57
4/29/2015,128.6,68.67,32.88,117.03,35.56,22.14,93.59,210.59,61.94
4/30/2015,125.22,68,32.55,116.88,35.04,22.2,92.82,208.68,58
5/1/2015,128.91,68.42,33.42,122.8,35.42,22.75,95.39,210.58,57.34
5/4/2015,128.7,69.06,33.43,121.16,35.4,22.61,95.18,211.34,56.78
5/5/2015,125.85,68.37,32.64,116.79,35.01,22.03,93.15,208.98,56.81
5/6/2015,125.05,67.81,32.22,116.78,34.77,22.1,93.04,208.04,55.66
5/7/2015,125.25,68.43,32.25,122.48,34.88,22.49,94.05,208.88,56.32
5/8/2015,127.74,69.41,32.8,123.22,35.32,20.83,94.97,211.46,56.31
5/11/2015,126.2,69.05,32.69,122.81,35.22,20.63,95.04,210.66,56.38
5/12/2015,125.87,68.79,32.24,122.95,34.74,20.83,94.22,209.94,56.05
5/13/2015,125.98,69.73,32.64,123.13,34.8,20.95,94.79,210.02,56.77
5/14/2015,128.91,70.52,32.97,126.94,34.65,21.29,95.89,212.3,56.56
5/15/2015,128.8,71.1,32.99,127.87,34.91,21.3,96.07,212.43,56.72
5/18/2015,130.2,70.38,33.41,130.18,35.05,21.27,96.97,213.1,56.18
5/19/2015,130.07,69.62,33.15,129.47,35.13,21.04,96.64,212.97,55.28
5/20/2015,130.06,69.28,33.41,129.11,35.02,21.04,96.8,212.85,54.92
5/21/2015,131.45,70.09,33.57,129.59,35.58,20.89,97.29,213.47,55.89
5/22/2015,132.64,69.51,33.45,132.64,35.71,20.86,97.52,212.95,55.07
5/26/2015,129.58,69.36,33.11,131.3,35.52,20.73,96.81,210.8,51.06
5/27/2015,132,71.02,33.71,141.49,35.81,21.84,100.62,212.6,51.28
5/28/2015,131.77,70.6,34.01,142.38,36.39,22.14,100.72,212.41,50.75
5/29/2015,130.46,69.73,34.46,148.06,35.96,22.13,101.02,211.01,49.72
6/1/2015,130.51,69.42,33.91,146.62,36.18,22.38,101.11,211.58,49.9
6/2/2015,129.94,69.35,33.25,144.29,36.22,21.93,99.97,211.29,50.95
6/3/2015,130.12,69.86,32.73,143.06,35.94,21.7,99.5,212.11,50.83
6/4/2015,129.4,68.9,32.33,141.2,35.54,22.09,98.39,210.32,49.67
6/5/2015,128.7,68.26,31.88,143.81,35.11,22.26,98.45,209.72,51.3
6/8/2015,127.82,67.28,31.29,138.63,34.99,21.75,96.61,208.45,49.85
6/9/2015,127.43,66.84,31.25,140.11,35.25,21.86,96.54,208.47,49.17
6/10/2015,128.84,67.31,31.82,142.86,35.58,21.47,97.5,211.17,50.29
6/11/2015,128.71,67.6,31.85,141.99,35.58,21.7,97.75,211.6,50.43
6/12/2015,127.16,67.03,31.32,140.47,35.7,21.11,96.82,209.9,50.48
6/15/2015,126.95,66.63,31.35,143.89,35.45,21.07,96.6,208.98,53.48
6/16/2015,127.57,66.46,31.64,141.99,35.61,21.33,96.93,210.28,52.15
6/17/2015,127.29,66.6,31.95,140.69,35.81,21.58,96.97,210.52,51.76
6/18/2015,127.77,67.36,32.38,143,36.2,21.94,98.3,212.78,51.98
6/19/2015,126.57,66.88,32.07,142.89,35.97,21.87,98,210.54,51.03
6/22/2015,127.59,67.37,32.26,143.28,36.19,21.78,98.73,211.85,51.11
6/23/2015,127.04,66.98,32.09,141.64,36.31,21.22,98.23,212.02,51.49
6/24/2015,128.16,65.35,31.91,139.97,35.16,21.01,96.92,210.5,51.36
6/25/2015,127.55,65.26,32.05,139.23,34.7,21.17,96.85,209.73,50.97
6/26/2015,126.92,64.67,31.02,135.15,34.37,20.74,94.47,209.85,49.95
6/29/2015,124.53,62.62,30.39,132.01,33.22,20.12,91.79,205.59,47.84
6/30/2015,125.6,62.63,30.42,132.93,33.34,20.11,92.1,205.94,46.96
7/1/2015,126.62,62.9,30.18,135.5,33.03,20.4,92.34,207.6,46.04
7/2/2015,126.49,63.11,30.51,137.64,33.21,20.42,92.8,207.43,45.17
7/6/2015,126.03,63.11,30.04,134.2,32.66,20.17,91.43,206.64,44.19
7/7/2015,125.6,62.8,29.9,132.84,32.85,19.79,91.08,208.12,45.12
7/8/2015,122.57,61.84,29.56,128.2,31.17,19.65,88.74,204.47,43.27
7/9/2015,120.08,61.86,28.93,124.68,31.01,19.41,87.5,204.9,43.65
7/10/2015,123.36,62.73,29.17,129.84,31.4,19.75,89.13,207.56,44.03
7/13/2015,125.64,63.43,29.73,129.18,31.68,19.88,89.88,209.84,46.01
7/14/2015,125.61,63.94,29.65,132.3,31.77,19.89,90.83,210.83,45.81
7/15/2015,126.8,63.87,31.6,131.72,31.43,19.75,90.27,210.57,44.49
7/16/2015,128.45,64.6,29.91,134.7,30.59,20.19,90.46,212.28,44.76
7/17/2015,129.6,64.34,29.47,133.66,30.65,19.95,90.23,212.49,43.95
7/20/2015,132.1,63.66,29.11,134.64,30.5,19.7,89.66,212.61,43.26
7/21/2015,130.75,65.14,28.72,134.51,30.38,19.79,89.67,211.88,43.48
7/22/2015,125.12,64.19,28.61,129.59,30.21,19.41,87.47,211.22,42.46
7/23/2015,125.16,61.78,28.6,132.02,31.5,19.65,88.73,210.24,42.74
7/24/2015,124.51,61.64,28.13,128.48,31.05,19.42,86.98,208.2,42.98
7/27/2015,122.71,61.98,28.34,124.65,31.05,19.31,86.35,206.8,42.27
7/28/2015,123.38,63.1,28.96,128.42,31.32,19.73,88.1,209.36,43.38
7/29/2015,122.93,63.17,29.01,128.35,31.95,19.97,88.2,210.67,45.54
7/30/2015,122.37,64.41,28.91,127.65,31.91,20.02,88.59,210.91,45.31
7/31/2015,121.3,64.39,28.99,125.14,31.51,19.96,87.58,210.57,44.3
8/3/2015,118.4,64.43,29.05,125.76,31.68,20.29,87.23,209.71,43.77
8/4/2015,114.62,63.45,29.13,123.46,31.52,20.37,86.28,209.26,43.72
8/5/2015,115.42,63.88,29.12,124.75,31.6,20.58,87.41,210.17,51.88
8/6/2015,115.13,62.84,29.01,123.62,31.86,20.45,85.84,208.33,50.13
8/7/2015,115.45,63.01,28.88,122.55,31.74,22.98,86.32,207.99,51.83
8/10/2015,119.69,63.12,29.64,127.28,31.94,23.78,88.45,210.6,53.03
8/11/2015,113.45,62.55,28.97,124.21,30.85,23.66,86.47,208.64,52.08
8/12/2015,115.28,62.58,29.46,125.73,30.85,23.72,86.93,208.92,50.6
8/13/2015,115.22,62.03,28.87,124.19,31.06,23.52,86.12,208.76,51.2
8/14/2015,116.02,61.91,29.02,121.96,31.53,23.54,85.56,209.44,51.85
8/17/2015,117.2,62.07,29.08,125.52,31.61,23.39,86.35,210.62,51.76
8/18/2015,116.51,61.32,28.9,122.24,31.75,23.08,84.65,209.97,51.24
8/19/2015,115.06,61.18,28.36,121.45,31.63,22.99,83.85,208.18,49.38
8/20/2015,112.7,60.15,27.56,114.81,30.84,22.16,80.82,203.67,49.05
8/21/2015,106.48,57.6,26.55,111.55,29.6,21.51,78.74,198.15,46.48
8/24/2015,104.3,55.28,26.31,109.94,27.79,20.71,76.82,189.6,45.6
8/25/2015,103.74,53.88,25.87,108.28,27.3,20.28,76,187.55,46.72
8/26/2015,109.7,56.66,27.32,113.76,28.14,21.81,79.83,194.78,44.56
8/27/2015,112.92,57.36,27.72,126.21,28.55,22.63,82.72,199.36,47.48
8/28/2015,113.26,57.39,28.42,127.62,29,22.73,83.32,199.27,48.44
8/31/2015,112.77,56.56,28.54,125.97,29.44,22.48,83.03,197.35,48.25
9/1/2015,108,55.11,27.82,119.37,28.64,21.56,80.06,191.93,47.3
9/2/2015,112.12,55.86,28.6,124.04,29.21,22.21,81.99,195.42,47.96
9/3/2015,110.35,55.53,29.06,123.77,29.11,22.27,82.65,195.45,48.29
9/4/2015,109.35,54.29,28.52,121.15,28.88,21.91,81.2,192.8,46.94
9/8/2015,112.23,55.2,29.5,129.16,29.88,22.68,84.77,197.44,49.11
9/9/2015,110,54.32,29.24,127.17,29.62,22.23,83.24,194.82,47.68
9/10/2015,112.55,55.33,29.26,128.72,30,22.58,83.57,195.74,48.23
9/11/2015,114.1,54.66,29.47,131.08,30.15,22.65,83.68,196.79,48.79
9/14/2015,115.26,54.31,29.39,131.19,30.72,22.69,83.89,196.01,46.2
9/15/2015,116.3,54.87,29.7,134.38,30.99,22.94,84.91,198.71,46.58
9/16/2015,116.35,55.2,29.77,131.49,31.2,23.1,85.11,200.2,47.76
9/17/2015,114,54.98,29.66,130.61,31.31,23.31,84.39,199.62,46.92
9/18/2015,113.25,54.45,29,127.59,30.59,23.29,82.96,195.64,45.31
9/21/2015,115.28,54.39,29.24,127.26,30.62,23.55,82.69,196.77,45.15
9/22/2015,113.42,53.94,28.7,124.71,30.03,22.9,80.88,194.26,44.42
9/23/2015,114.36,53.56,28.74,125.52,29.72,23,80.26,193.64,43.37
9/24/2015,115.08,53.27,28.48,124.1,29.44,23.44,80.13,192.99,43.65
9/25/2015,114.8,53.22,28.81,126.95,29.42,23.61,80.11,192.81,43.29
9/28/2015,112.61,52.5,28.77,120.85,28.55,23.29,77.92,188.01,40.81
9/29/2015,109.1,52.43,29.24,119.67,29.15,23.67,78.45,188.2,41.02
9/30/2015,109.89,53.73,30.14,125.01,30.02,24.65,81.36,191.47,42.75
10/1/2015,109.49,53.18,30,122.14,30.68,24.17,79.23,192.17,42.68
10/2/2015,110.31,55.07,30.51,123.12,31.73,24.8,80.43,194.74,45.46
10/5/2015,110.49,56.23,31.21,121.22,31.76,25.42,83.74,198.55,46.66
10/6/2015,111.31,56.32,31.7,117.11,32.22,25.75,82.63,197.6,48.88
10/7/2015,110.65,56.61,32.32,118.64,33.05,26.02,84.57,199.53,49.91
10/8/2015,109.47,57.66,32.45,116.69,33.43,26.17,84.82,201.17,51.12
10/9/2015,112.05,57.78,32.14,116.73,32.95,26.07,85.47,201.38,51.2
10/12/2015,111.56,57.79,32.17,117.68,33.02,26.35,85.06,201.55,50.83
10/13/2015,111.8,57.51,32.72,113.42,33.13,26.4,84.8,200.35,50.58
10/14/2015,110.21,58.63,32.82,117.46,33.34,27.36,85.96,199.33,51.95
10/15/2015,111.77,59.26,32.72,121.99,33.32,27.4,87.43,202.21,52.46
10/16/2015,111.05,59.91,33.04,121.07,33.15,27.86,88.28,203.19,52.05
10/19/2015,111.65,59.1,33.59,118.96,33.24,27.81,88.5,203.38,51.19
10/20/2015,113.7,59,33.5,119.89,33.48,27.77,88.25,203.04,51.77
10/21/2015,113.84,58.97,33.37,120.5,35.42,27.41,89.58,201.88,49.94
10/22/2015,115.42,60.43,34.4,125.34,35.42,28.4,90.82,205.19,49.89
10/23/2015,119.01,60.73,34.9,129.58,35.95,28.59,91.91,207.49,50.46
10/26/2015,115.29,59.21,34.53,123.61,35.67,28.46,90.68,206.99,50.57
10/27/2015,114.23,59.28,34.47,121.49,34.96,28.44,90.34,206.56,49.15
10/28/2015,119.2,60.27,34.72,127.09,35.21,28.67,91.11,208.94,50.85
10/29/2015,120.47,60,34.03,120.1,34.75,27.68,89.12,208.74,50.99
10/30/2015,119.6,59.42,33.86,123.13,34.92,28.37,89.27,207.92,57.07
11/2/2015,121.26,60.64,34.08,123.8,35.57,28.7,90.34,210.37,57.78
11/3/2015,122.55,60.87,34.31,122.14,35.78,28.5,90.81,210.83,58.35
11/4/2015,122,60.26,34.15,124.11,35.42,28.03,91.12,210.37,58.67
11/5/2015,120.85,51.08,34,121.06,35.44,27.71,89.22,210.01,58.38
11/6/2015,121,53.42,33.84,129.67,35.75,31.55,91.48,209.98,59.67
11/9/2015,120.57,52.94,33.3,126.5,35.67,31.41,90.55,208.17,58.39
11/10/2015,116.7,52.27,33.21,119.87,35.62,30.83,89,208.45,55.87
11/11/2015,116.14,52.85,32.86,119.95,35.54,30.51,89.04,207.65,54.75
11/12/2015,115.8,52.58,32.4,119.85,35.09,30.4,87.95,204.95,53.92
11/13/2015,112.4,52,32.11,117.54,34.3,29.8,87.1,202.45,52.72
11/16/2015,114.17,52.77,32.1,121.47,35.17,30.4,88.18,205.74,54.18
11/17/2015,113.69,52.98,32.64,122.06,35.21,30.4,88.79,205.55,52.74
11/18/2015,117.24,48.01,33.16,125.92,36.47,30.99,89.67,208.77,53.94
11/19/2015,118.81,48.39,34.3,125.21,36.14,31.12,89.88,208.54,53.29
11/20/2015,119.26,49.6,34.66,126.11,36.34,31.39,90.14,209.41,54.44
11/23/2015,117.75,48.97,34.48,124.41,36.08,30.92,88.9,209.05,54.88
11/24/2015,118.86,49.41,34.36,128.34,36.22,31.17,90.13,209.32,56.17
11/25/2015,118.03,49.1,34.45,128.39,36.34,31.13,90.24,209.35,56.4
11/27/2015,117.81,48.54,34.46,130.04,36.37,31.39,90.89,209.46,56.1
11/30/2015,118.5,48.79,34.77,130.46,36.2,31.72,91.79,208.73,56.51
12/1/2015,117.25,49.3,35.09,132.89,36.26,32.75,93,210.65,58.18
12/2/2015,116.33,51.99,34.86,132.21,35.73,32.5,92.59,208.72,59.67
12/3/2015,115.26,51.4,34.06,144.75,35.47,32.43,91.99,205.85,59.5
12/4/2015,119.04,52.34,34.94,147.56,36.25,33.75,93.68,209.51,59.84
12/7/2015,118.22,52.43,34.98,148.83,36.13,33.11,92.79,208.59,59.32
12/8/2015,118.3,49.48,34.75,147.78,35.47,33.56,92.08,206.99,59.07
12/9/2015,115.5,48.59,34.82,145.65,35.45,32.71,90.82,205.29,58.85
12/10/2015,116.17,48.57,34.77,147.33,35.63,32.98,91.37,205.88,54.35
12/11/2015,113.17,47.46,34.29,144.42,34.55,32.49,89.59,201.92,55.26
12/14/2015,112.36,46.83,34.47,142.51,34.39,32.57,89.01,203.02,58.41
12/15/2015,110.46,48.02,35.16,143.27,34.55,32.97,90.37,204.85,59.83
12/16/2015,111.33,48.11,35.3,143.88,35.14,33.17,91.05,208.1,65.62
12/17/2015,109.01,47.54,34.9,140.48,34.09,32.66,89.77,204.66,64.48
12/18/2015,106.03,47.46,33.87,140.21,33.65,32.15,88.75,200.23,63.38
12/21/2015,107.22,48.76,34.24,145.8,33.83,32.9,90.32,201.57,65.67
12/22/2015,107.23,49.05,34.73,145.1,34.29,32.93,90.41,203.42,64.99
12/23/2015,108.61,49.04,35,146.51,34.78,33.06,91.08,206.05,66.17
12/24/2015,108.03,49.55,34.98,146.32,34.6,33.17,91.21,205.68,66.92
12/28/2015,106.75,49.58,34.93,146.35,34.5,33.14,90.83,205.24,66.4
12/29/2015,108.74,50.88,35.44,147.94,34.5,33.68,91.95,207.56,66.41
12/30/2015,107.8,50.41,34.99,147.37,34.34,33.33,91.04,205.87,67
12/31/2015,105.36,49.98,34.45,145.08,34.01,32.95,89.78,203.7,65.99
1/4/2016,105.43,50.12,33.99,142.28,33.31,32.37,88.76,201.08,66.72
1/5/2016,102.79,49.14,33.83,137.52,32.43,32.9,87.85,201.59,72.03
1/6/2016,100.67,48.64,33.08,133.29,31.27,31.53,85.33,198.98,69.52
1/7/2016,96.4,46.14,31.84,128.66,29.99,30.28,82.42,194.04,66.22
1/8/2016,96.96,45.88,31.48,128.2,29.53,29.63,81.19,191.66,65.62
1/11/2016,98.49,46.5,32.06,128.04,30.25,29.68,81.63,191.98,65.42
1/12/2016,99.94,46.52,32.68,128.98,30.3,30.18,82.34,193.67,65.22
1/13/2016,97.44,46.1,31.91,123.31,30.49,29.26,79.68,188.79,61.37
1/14/2016,99.52,47.73,32.74,125.19,30.3,28.65,81.34,192.13,61.76
1/15/2016,97.13,45.85,29.76,120.01,29.57,27.17,77.7,188.18,61.32
1/19/2016,96.67,46.09,29.77,120.07,29.4,27.33,77.79,187.88,61.49
1/20/2016,96.79,45.93,29.59,124.01,29.42,27.48,78.3,185.84,61.27
1/21/2016,96.3,47.05,29.66,124.53,29.55,27.8,79.48,186.59,63.23
1/22/2016,101.38,48.07,29.92,124.51,29.28,28.45,80.9,190.42,66.44
1/25/2016,99.4,47.58,29.6,124.49,29.23,28.42,79.78,187.52,64.14
1/26/2016,100.16,48.52,29.94,124.39,29.64,28.7,80.55,190.05,67.45
1/27/2016,93.47,47.53,29.81,122.35,29.21,28.36,79.61,188.02,65.64
1/28/2016,94.1,43.59,29.97,126.37,29.02,28.05,79.41,189.12,65.88
1/29/2016,97.19,45.34,31.02,133.57,29.55,29.29,83,193.55,68.66
2/1/2016,96.44,46.11,30.82,137.65,30.11,29.3,83.43,193.83,68.01
2/2/2016,94.48,43.15,29.8,132.56,29.56,28.06,80.63,190.44,67.03
2/3/2016,96.37,44.73,29.34,131.36,28.92,28.2,80.84,191.21,65.31
2/4/2016,96.6,45.66,29.77,136.12,28.64,28.21,82.26,191.44,67.88
2/5/2016,94.14,44.02,29.04,128.36,28.54,26.51,79.43,188,66.03
2/8/2016,94.98,43.89,28.82,121.5,28.68,25.18,77.43,185.47,63.62
2/9/2016,95,43.61,28.81,119.71,27.87,25.49,76.9,185.5,64.71
2/10/2016,94.25,42.96,28.23,119.2,27.71,25.43,76.36,185.11,64.26
2/11/2016,93.74,43,28.22,116.31,26.9,25.3,75.71,183,62.26
2/12/2016,93.79,44.56,28.64,121.66,27.7,25.73,77.45,186.54,59.34
2/16/2016,96.55,46.73,28.78,126.24,28.58,26.99,80.18,189.81,62.37
2/17/2016,98.1,48.41,29.47,130.68,29.25,27.66,82.1,192.81,62.86
2/18/2016,96.11,49.08,29.42,127.07,29.03,30.02,81.61,192.09,62.95
2/19/2016,95.98,49.42,28.71,128.67,28.78,30.44,82.05,192,62.37
2/22/2016,96.73,51.28,29.35,130.64,29.63,31.52,83.33,194.65,64.82
2/23/2016,94.73,50.42,28.8,128.16,29.32,31.6,82.03,192.42,62.6
2/24/2016,96.06,51.52,29.2,130.34,28.82,31.82,83.14,193.41,68.52
2/25/2016,96.63,51.64,29.62,132.47,29.5,31.9,84.01,195.59,71.14
2/26/2016,96.94,51.62,29.8,133.11,29.63,31.68,84.68,195.11,70.93
2/29/2016,96.72,50.81,29.59,133.96,29.44,31.36,84.48,193.61,71.68
3/1/2016,100.53,52.11,30.37,138,30.01,32.75,86.8,198.22,69.07
3/2/2016,100.75,52.85,30.54,136.97,30.15,32.94,87.33,199.02,69.09
3/3/2016,101.26,52.38,30.58,137.33,31.07,32.65,87.38,199.72,69.71
3/4/2016,103.01,52.66,30.63,146.06,31.37,32.55,88.33,200.35,69.55
3/7/2016,101.84,53.3,30.94,143.51,31.58,32.34,88.67,200.66,69.18
3/8/2016,101.08,52.46,30.56,139.63,30.67,31.76,86.65,198.67,66.87
3/9/2016,101.03,51.9,30.87,141.96,30.54,31.73,87.34,199.5,68.49
3/10/2016,101.17,52.02,31.25,144.42,30.82,31.68,87.73,199.56,69.25
3/11/2016,102.23,52.22,31.78,148.75,31.26,32.22,89.46,202.59,70.32
3/14/2016,102.5,52.09,31.43,148.14,31.17,32.3,89.12,202.62,70.89
3/15/2016,104.6,51.63,31.65,148.47,31.05,32.14,88.96,202.1,70.78
3/16/2016,105.94,51.3,31.69,148.63,31.7,33.15,89.78,203.27,72.06
3/17/2016,105.8,51.38,31.98,151.55,31.96,32.82,90.41,204.77,73.21
3/18/2016,105.91,51.63,32.65,152.45,31.96,33.82,91.64,204.38,72.47
3/21/2016,105.85,52.21,32.34,152.89,32.08,33.91,91.77,204.67,71.24
3/22/2016,106.69,52.02,32.32,154.76,31.9,33.85,91.7,204.58,71.29
3/23/2016,106.12,50.99,32,152.99,31.31,34.41,90.2,203.34,68.23
3/24/2016,105.5,50.86,31.88,153,30.96,34.48,90.15,203.2,68.46
3/28/2016,105.31,50.19,31.9,153.1,31.02,34.89,90.08,203.26,68.4
3/29/2016,107.68,50.69,32.38,154.13,31.19,35.39,91.28,205.16,69.3
3/30/2016,109.56,50.99,32.71,156.93,30.99,35.76,92.15,206.06,68.97
3/31/2016,108.99,51.14,32.38,154.5,31.43,35.63,91.65,205.54,68.47
4/1/2016,109.99,50.87,32.45,157.8,30.47,36.15,91.48,206.85,67.48
4/4/2016,111.12,50.65,32,156.01,29.9,35.8,91.87,206.21,67.24
4/5/2016,109.8,50.07,31.9,155.01,29.6,35.75,91.25,204.27,62.42
4/6/2016,110.99,50.62,32.08,157.54,29.94,35.8,90.88,206.31,62.76
4/7/2016,108.5,50.03,31.55,154.97,29.42,35.43,90.7,204.06,61.26
4/8/2016,108.67,50.56,31.63,156.15,29.37,35.66,90.95,204.46,60.63
4/11/2016,109.03,51,31.67,155.61,29.53,35.88,91.37,203.96,59.96
4/12/2016,110.38,50.82,31.86,155.43,29.71,35.84,90.39,205.88,60.33
4/13/2016,112.04,51.92,32.13,159.48,30.78,36.74,92.17,207.97,61.65
4/14/2016,112.1,51.82,31.8,158.82,30.72,36.83,91.74,208.01,60.42
4/15/2016,109.85,51.12,31.46,155.49,30.56,37.13,91.81,207.87,59.59
4/18/2016,107.5,51.55,31.69,155.9,31.36,36.97,90.94,209.14,60.36
4/19/2016,107.04,51.83,31.6,151.07,31.97,36.31,90.03,209.89,60.52
4/20/2016,107.17,54,32,153.23,32.19,36.45,90.96,210.14,61.72
4/21/2016,106.03,51.67,31.97,151.35,32.66,36.41,90.06,209.21,61.94
4/22/2016,105.68,52.64,31.64,150.33,32.18,36.27,90.27,208.9,61.54
4/25/2016,105.06,52.43,31.39,149.1,31.95,36.45,89.88,208.59,60.39
4/26/2016,104.35,52.91,31.4,150.76,32.2,36.48,91.43,209.18,61.25
4/27/2016,97.68,52.9,31.75,151.53,32.16,37.31,91.25,209.21,62.03
4/28/2016,94.85,52.13,31.38,147.99,32.45,36.2,92.04,207.42,57.02
4/29/2016,93.71,50.55,30.3,145.75,31.79,35.53,87.26,206.6,55.86
5/2/2016,93.64,51.11,30.57,146.08,31.75,36,88.04,207.89,54.85
5/3/2016,95.19,50.73,30.36,142.96,31.24,35.57,87.03,206.16,52.85
5/4/2016,94.19,50.49,29.85,142.07,30.59,34.76,86.03,205.11,51.78
5/5/2016,93.1,51.13,29.9,142.58,30.54,34.97,86.27,204.84,51.96
5/6/2016,92.63,50.81,30.04,141.89,30.95,35.33,86.36,205.84,51.8
5/9/2016,92.79,51.2,29.8,142.4,30.78,35.28,86.24,205.99,50.6
5/10/2016,93.39,52.15,30.14,144.61,31.35,35.96,87.31,208.34,51.18
5/11/2016,92.48,52.15,30.07,143.85,31.08,36.06,87.05,206.49,50.74
5/12/2016,90.3,51.51,29.76,141.04,31.18,35.57,85.49,206.47,49.09
5/13/2016,90.52,51.32,29.91,140.05,30.51,40.98,85.85,204.83,48.56
5/16/2016,93.9,51.91,30.39,142.65,30.67,42.19,87.21,206.82,49.07
5/17/2016,93.48,51.99,29.98,141.17,30.63,42.28,86.62,204.83,48.51
5/18/2016,94.51,52.79,29.99,143.88,30.75,43.36,88.04,204.77,48.71
5/19/2016,94.24,52.76,29.63,142.74,30.33,43.62,87.46,204.23,47.09
5/20/2016,95.2,54.52,30.15,146.73,30.55,44.33,90.19,205.53,48.02
5/23/2016,96.43,54.18,30.23,148.1,30.59,44.4,90.8,205.16,49.04
5/24/2016,98,55.59,31.06,151.42,31.05,45.36,92.99,207.89,50.46
5/25/2016,99.6,55.98,31.39,153.57,31.65,45.17,93.54,209.31,50.59
5/26/2016,100.4,55.74,31.49,153.02,31.29,45.65,93.85,209.39,49.73
5/27/2016,100.21,55.27,31.57,153.3,31.37,45.9,94.42,210.27,49.9
5/31/2016,99.98,54.93,31.6,154.36,31.28,46.72,94.97,209.84,49.65
6/1/2016,98.41,54.79,31.66,154.77,30.21,46.8,95.47,210.28,50.07
6/2/2016,97.62,54.88,31.76,154.91,30.26,47.15,95.46,210.91,49.84
6/3/2016,97.97,54.94,31.65,162.56,29.63,46.48,95.78,210.29,49.25
6/6/2016,98.63,54.89,31.68,162.84,29.99,46.21,95.52,211.38,50.15
6/7/2016,99.03,54.84,31.88,164.84,30.23,46.33,96.47,211.69,50.55
6/8/2016,98.93,54.94,31.89,163.7,29.57,46.18,96.41,212.32,50.93
6/9/2016,99.66,54.98,31.94,164.14,29.36,47.38,96.53,212.09,50.45
6/10/2016,98.91,53.83,32.04,160.82,29.06,46.2,94.93,210.19,48.51
6/13/2016,97.25,52.83,32.17,160.01,29.08,46.79,94.45,208.56,47.79
6/14/2016,97.46,52.7,32.14,158.99,28.83,46.88,94.4,208.09,47.89
6/15/2016,97.14,53.26,31.61,158.4,28.86,47.36,94.42,207.73,48.2
6/16/2016,97.74,53.42,31.69,158.63,29.02,47.55,94.37,208.33,48.39
6/17/2016,95.33,53.34,31.76,156,29.23,46.73,93.59,206.66,48.52
6/20/2016,95.14,53.89,32.17,156.93,29.66,47.56,94.68,207.82,49.32
6/21/2016,95.94,53.88,32.32,155.81,29.51,47.27,94.66,208.46,48.91
6/22/2016,95.55,54.04,32.29,155.13,29.31,47.23,94.54,208.08,48.62
6/23/2016,96.01,55.55,32.95,158.62,29.82,48.42,96.99,210.82,48.65
6/24/2016,93.44,52.16,31.55,148.74,28.36,45.72,91.48,203.33,46.02
6/27/2016,92.06,51.18,30.72,143.63,27.5,45.24,87.93,199.32,44.23
6/28/2016,93.59,52.51,31.19,149.77,27.75,45.9,90.24,203.17,46.37
6/29/2016,94.4,53.55,31.93,155,28.16,46.64,92.06,206.76,48.09
6/30/2016,95.6,53.57,32.8,155.4,28.3,47.01,93.7,209.16,48.48
7/1/2016,95.93,53,32.75,154.22,28.89,46.66,92.87,209.93,48.49
7/5/2016,95.04,51.94,32.68,150.76,28.16,47.35,91.15,208.46,47.77
7/6/2016,95.55,52.37,32.97,150.63,28.4,47.65,91.29,209.59,49.13
7/7/2016,95.94,52.93,33.2,150.99,28.75,48.89,92.41,209.48,44.34
7/8/2016,96.5,54.19,34,155.14,29.66,50.85,94.99,212.58,45.6
7/11/2016,96.98,54.12,34.35,156.75,30.13,52.19,96.06,213.42,46.49
7/12/2016,97.34,54.62,34.94,158.59,30.6,52.8,97.36,214.97,46.99
7/13/2016,96.97,54.83,35.02,157.41,30.62,52.78,97.45,214.97,46.2
7/14/2016,98.79,54.88,35.2,160.79,30.76,53.32,98.16,216.09,47.35
7/15/2016,98.7,54.75,35.07,161.16,30.77,52.7,98.1,215.91,47.73
7/18/2016,99.84,55.35,35.05,162.33,30.87,52.97,99.54,216.39,47.95
7/19/2016,99.87,55.14,35.15,160.53,31.25,53.52,99.16,216.21,47.74
7/20/2016,99.93,55.88,35.1,162.67,31.49,54.25,100.77,217.09,48.43
7/21/2016,99.41,60,34.1,160.74,32.03,53.35,100.05,216.24,48.33
7/22/2016,98.47,61.15,34.66,159.67,32.15,54.67,100.56,217.19,48.12
7/25/2016,97.3,60.73,34.69,159.78,32.04,55.68,101.14,216.56,48
7/26/2016,96.6,61.35,35.09,163.44,32.15,56.63,105.06,216.71,48.58
7/27/2016,103.2,62.51,34.83,165.66,32.01,56.06,105.02,216.5,48.55
7/28/2016,104.45,62.43,34.77,164.23,30.99,56.18,104.45,216.82,47.13
7/29/2016,104.21,62.58,34.86,162,31.54,57.1,103.92,217.25,46.7
8/1/2016,106.1,61.85,34.8,163.51,31.3,56.73,104.1,216.91,47.21
8/2/2016,104.49,60.62,34.56,163.07,29.93,56.04,102.45,215.68,47.55
8/3/2016,105.75,61.01,34.25,164.03,30.24,56.19,102.64,216.03,48.53
8/4/2016,105.86,60.98,34.58,166.99,30.34,57.23,103.59,216.37,43.68
8/5/2016,107.33,62,34.98,170.12,30.8,58.2,104.92,218.19,43.86
8/8/2016,108.36,61.58,35.04,168.35,30.88,58.74,104.75,217.95,43.95
8/9/2016,108.81,61.99,34.91,171.17,30.99,58.89,105.63,218.21,42.17
8/10/2016,108.01,61.71,34.53,171.85,31.25,58.51,104.84,217.63,39.23
8/11/2016,107.93,61.74,34.68,172.09,31.75,59.61,105.28,218.64,38.92
8/12/2016,108.18,61.71,34.57,172.47,31.57,63,105.78,218.5,38.42
8/15/2016,109.48,62.43,34.91,175.54,31.87,62.98,107.22,219.1,38.51
8/16/2016,109.38,62.07,35.21,172.4,31.71,62.6,106.47,218.07,37.69
8/17/2016,109.21,62.28,35.02,173.03,31.85,61.15,106.46,218.44,36.9
8/18/2016,109.08,63.04,34.97,173.93,31.55,62.1,107.23,218.85,37.54
8/19/2016,109.36,62.76,35.24,174.93,31.83,62.26,108.14,218.55,37.8
8/22/2016,108.43,62.83,35.36,175.93,31.87,62.43,108.23,218.52,37.27
8/23/2016,108.8,63.09,35.4,177.34,31.9,62.91,108.78,218.98,37.5
8/24/2016,108.05,62.61,35.15,175.3,31.78,61.94,107.87,217.99,37.64
8/25/2016,107.59,62.64,35.09,176.08,31.54,61.53,108.28,217.72,36.99
8/26/2016,106.94,62.97,35.26,177.16,31.53,62.03,108.81,217.29,37.59
8/29/2016,106.82,62.98,35.55,177.4,31.81,61.99,109.16,218.32,37.62
8/30/2016,105.97,62.94,35.7,177,31.67,61.63,108.97,217.98,38.01
8/31/2016,106.11,63.07,35.89,176.41,31.91,61.34,108.9,217.44,37.48
9/1/2016,106.73,63.47,36.02,177.75,31.78,63.15,109.84,217.3,38.44
9/2/2016,107.77,63.35,36.08,173.11,32.17,62.53,109.66,218.36,38.18
9/6/2016,107.61,63.09,36.57,171.1,32.12,63.12,109.36,219.06,38.98
9/7/2016,108.38,62.43,36.46,168.9,31.89,62.19,108.55,219.03,38.49
9/8/2016,105.5,62.69,36.45,168.38,31.7,62.64,108.38,218.59,38.47
9/9/2016,103.25,60.52,35.44,160.62,30.48,59.58,104.46,213.34,37.13
9/12/2016,105.52,62.25,36.08,164.48,31.18,60.75,106.53,216.4,37.43
9/13/2016,108.09,61.29,35.61,165.24,30.94,59.94,105.52,213.35,36.42
9/14/2016,111.83,61.59,35.62,169.61,30.71,60.4,106.5,213.12,35.03
9/15/2016,115.58,62.39,36.28,172.03,31.11,62.12,108.93,215.21,35.35
9/16/2016,114.97,62.95,37.69,171.24,30.97,62.83,108.93,213.5,34.82
9/19/2016,113.57,62.86,37.16,170.73,31.72,63.67,109.09,213.52,34.42
9/20/2016,113.56,62.7,37.14,168.23,31.66,63.09,108.59,213.53,34
9/21/2016,113.55,63.57,37.45,169.83,32.12,64.97,110.13,215.85,34.03
9/22/2016,114.6,63.52,37.55,168.84,32.38,65.02,110.52,217.1,35.42
9/23/2016,112.7,62.75,37.19,166.63,32.13,64.95,109.32,216.16,37
9/26/2016,112.92,62.31,36.65,166.69,31.8,64.34,107.79,214.33,37.25
9/27/2016,113.09,63.31,37.18,170.86,31.6,66.54,109.66,215.6,39.09
9/28/2016,113.95,63.45,37.44,170.7,31.9,66.78,109.88,216.62,39.08
9/29/2016,112.25,67.5,37.32,172.46,31.48,67.4,111.3,214.89,39.08
9/30/2016,112.98,68.5,37.75,172.52,31.76,68.52,112.99,216.36,39.49
10/3/2016,112.52,67.11,37.66,170.07,32.04,68.45,112.49,215.84,38.57
10/4/2016,112.93,66.68,37.54,169.05,32.17,68.3,112.43,214.6,38.21
10/5/2016,113,66.84,37.99,173.48,32.7,68.23,113.37,215.62,39.74
10/6/2016,113.98,67.54,38.05,174.19,32.54,67.34,112.93,215.92,39.75
10/7/2016,114.07,68.19,38.1,174.21,32.34,66.85,112.65,215.05,37.58
10/10/2016,116.06,67.25,37.97,174.77,32.15,67.06,112.8,216.09,38.58
10/11/2016,116.37,66.09,37.27,171.17,31.88,66.13,110.47,213.63,38.28
10/12/2016,117.36,66.06,37.13,170.47,31.67,66.43,109.54,213.65,38.24
10/13/2016,116.98,65.7,36.97,168.94,31.51,65.35,107.99,213.03,38.68
10/14/2016,117.71,65.7,37.45,170.09,31.87,66.02,109.69,213.1,39.47
10/17/2016,117.55,65.19,37.29,168.88,31.56,65.61,109.42,212.56,39.3
10/18/2016,117.38,66.1,36.93,172.17,31.4,66.68,110.53,213.68,39.57
10/19/2016,117.12,65.79,35.55,171.87,31.85,66.58,109.58,214.22,41.92
10/20/2016,117.02,67.34,35.43,173.42,31.74,67.73,109.73,214,42.08
10/21/2016,116.6,67.93,35.15,172.92,32.04,67.54,110.3,213.93,42.25
10/24/2016,117.63,68.06,35.26,176.55,32.98,70.71,111.49,214.88,40.87
10/25/2016,118.2,67.71,35.1,173.65,31.59,71.87,112.18,214.14,40.68
10/26/2016,115.63,68.18,34.92,173,31.58,72.33,112.26,213.75,41.11
10/27/2016,114.48,70.09,34.84,172.24,31.33,70.68,112.24,213.1,41.06
10/28/2016,113.77,68.43,34.78,169.4,31.33,70.58,112.41,212.82,40.6
10/31/2016,113.54,68.91,34.87,170.28,31.59,71.16,111.74,212.4,40.49
11/1/2016,111.43,68.34,34.52,168.8,31.5,69.08,110.35,211.23,41.05
11/2/2016,111.59,67.09,34.6,172.56,31.45,68.76,109.62,209.54,40.54
11/3/2016,109.83,66.95,33.88,172.99,31.05,68.14,109.39,208.8,34.51
11/4/2016,108.78,66.72,33.61,172.17,31.17,67.53,108.75,208.7,32.48
11/7/2016,110.41,68.46,34.69,176.96,32.02,71.3,111.83,213.22,33.76
11/8/2016,110.83,68.27,34.74,177,31.73,71.16,112.1,214.2,33.49
11/9/2016,110.88,67.88,34.75,173.42,30.95,69.96,111.51,216.37,32.1
11/10/2016,107.77,66.31,34.5,167.94,32.75,67.77,109.19,216.83,31.95
11/11/2016,108.43,66.88,34.61,167.54,34.02,88.03,113.31,216.63,32.09
11/14/2016,105.63,65.93,34.48,163.78,33.29,83.61,112.7,216.48,33.08
11/15/2016,107.11,66.77,34.91,166.45,33.43,86.19,114.81,218.28,33.19
11/16/2016,109.96,66.3,34.84,167.83,33.22,91.63,116.12,217.88,32.82
11/17/2016,109.98,66.67,35.02,167.01,33.42,92.39,117.42,218.92,31.16
11/18/2016,110.06,67.31,34.95,168.16,33,93.36,118.2,218.47,29.15
11/21/2016,111.75,67.1,34.98,172.6,33.01,92.98,119.03,220.09,29.38
11/22/2016,111.8,68.31,35.48,177.02,33.81,93.65,120.31,220.68,29.66
11/23/2016,111.2,68.13,35.2,177.08,33.85,93.97,120.47,220.66,29.78
11/25/2016,111.79,68.29,35.2,176.75,34.35,94.16,120.65,221.67,30.18
11/28/2016,111.57,67.1,35.51,174.65,34.04,94.11,120.28,220.53,31.11
11/29/2016,111.37,66.77,35.31,175.45,34.57,93.31,120.06,220.88,29.95
11/30/2016,110.52,68.13,34.7,170.47,34.55,92.77,119.32,220.48,30.33
12/1/2016,109.51,64.15,33.76,162.79,36.43,87.61,113.55,219.53,30.14
12/2/2016,109.75,65.82,34.16,164.22,35.42,88.56,114.95,219.74,30.15
12/5/2016,109.11,66.36,34.39,166.13,34.95,91.88,116.37,220.94,32.35
12/6/2016,109.95,67.45,34.72,164.76,35.08,93.39,117.97,221.69,32.04
12/7/2016,110.95,68.34,35.5,168.55,36.28,95.07,120.47,224.51,33.59
12/8/2016,112.06,68.55,35.7,171.99,36.4,93.48,121.44,225.24,33.17
12/9/2016,113.87,68.52,35.76,179.09,37.66,91.82,121.01,226.47,33.54
12/12/2016,113.22,68.53,36.03,178.16,37.11,89.59,120.06,226.2,33.7
12/13/2016,115.19,69.34,36.8,179.44,37.38,91.17,121.19,227.75,33.62
12/14/2016,115.27,67.56,36.55,177.62,35.96,96.46,121.26,226.03,32.61
12/15/2016,115.82,68.03,36.79,179.97,36.24,98.71,123.49,226.89,32.61
12/16/2016,115.98,66.46,36.31,178.42,36.35,98.94,122.17,225.19,35.11
12/19/2016,116.45,67.02,36.89,180.46,36.41,101.63,123.43,225.5,34.98
12/20/2016,116.95,66.91,37.2,182.07,36.61,105.17,124.53,226.27,34.47
12/21/2016,117.06,67.16,36.98,182.29,36.42,105.85,124.29,225.82,33.2
12/22/2016,116.17,66.76,36.93,180.6,35.7,107.11,124.88,225.43,32.68
12/23/2016,116.51,66.86,36.97,181.94,35.69,109.83,125.55,225.73,32.62
12/27/2016,117.25,67.25,37.07,182.31,35.54,117.33,127.08,226.18,33.99
12/28/2016,116.71,65.75,36.63,180.19,35.15,109.17,124.62,224.4,32.82
12/29/2016,116.65,66.04,36.66,179.87,35.15,111.22,124.63,224.32,32.46
12/30/2016,115.86,65.23,36.28,176.81,34.85,106.68,122.64,223.34,32.09
1/3/2017,116.09,65.4,36.6,178.34,35.09,101.93,122.73,225.2,33.54
1/4/2017,116.01,65.47,36.41,177.07,37.1,104.41,123.1,226.56,34.17
1/5/2017,116.61,65.55,36.35,174.28,36.38,101.7,122.01,226.31,33.88
1/6/2017,117.97,65.49,36.54,176.59,36,103.1,122.94,227.3,33.32
1/9/2017,118.98,65.74,36.64,176.97,36.01,107.33,124.28,226.49,33.57
1/10/2017,119.01,65.63,36.54,180.57,37.35,106.47,124.9,226.5,33.39
1/11/2017,119.74,66.1,36.95,179.42,37.97,105.16,125.29,227.09,35
1/12/2017,119.18,66.12,36.71,178.86,37.52,103.44,124.25,226.5,34.87
1/13/2017,119,66.88,36.79,180.45,37.35,103.31,125.09,227.04,35.75
1/17/2017,120,64.19,36.8,179.11,37.31,101.09,122.99,226.28,35.17
1/18/2017,119.99,65.15,36.76,185.02,37.4,102.94,124.74,226.74,34.41
1/19/2017,119.74,64.44,36.57,185.56,37.29,105.16,124.19,226.11,34.42
1/20/2017,120.01,62.97,36.94,191.08,37.01,103.95,125.78,226.71,34.75
1/23/2017,120.08,54.9,36.84,191,36.65,105.09,124.98,226.24,33.66
1/24/2017,119.97,54.92,37.62,197.75,37,107.4,127.47,227.56,32.53
1/25/2017,121.88,57,37.8,202.48,38.28,107.79,129.33,229.51,32.9
1/26/2017,121.94,53.99,36.6,204.17,37.53,109.69,128.57,229.35,32.28
1/27/2017,121.85,54.19,37.98,205.71,37,111.86,130.21,228.99,31.48
1/30/2017,121.64,53.61,37.42,203.22,36.31,110.01,129.53,227.6,31.02
1/31/2017,121.4,53.43,36.82,199.5,36.62,109.15,127.83,227.68,31.19
2/1/2017,128.95,53.15,36.51,203.69,36.13,113.91,129.91,227.62,31.06
2/2/2017,128.48,52.66,36.68,204.05,35.73,115.39,129.78,227.8,32.03
2/3/2017,129.03,52.98,36.52,206.16,36.31,114.38,130.5,229.31,32.14
2/6/2017,130.3,52.88,36.27,206.56,36.83,117.31,131,228.96,31.92
2/7/2017,131.54,53.27,36.35,205.91,35.1,119.18,131.46,229,31.79
2/8/2017,132.1,52.9,36.38,206.89,35.14,118.61,131.66,229.26,31.52
2/9/2017,132.41,52.88,35.46,205.34,35.08,116.55,130.51,230.55,32.19
2/10/2017,132.09,54,35.34,205.52,35.17,113.6,130.55,231.43,32.34
2/13/2017,133.29,54.93,35.84,206.71,35.52,108.3,130.76,232.76,33.13
2/14/2017,134.95,55.48,35.93,205.33,37.15,108.75,130.37,233.71,33.67
2/15/2017,135.52,56.5,36.03,205.99,37.08,109,131.39,234.99,34.6
2/16/2017,135.32,56.88,36.41,208.18,37.03,107.24,131.56,234.8,33.97
2/17/2017,135.51,56.46,36.48,210.41,37.22,107.18,132.4,235.04,34.36
2/21/2017,136.69,56.75,36.47,212.75,37.83,111.07,134.13,236.41,35.78
2/22/2017,137.09,57.1,36.01,214.16,37.84,110.57,134.17,236.27,33.97
2/23/2017,136.52,57.06,36.18,210.31,37.25,100.68,131.97,236.43,37.05
2/24/2017,136.58,57.17,36.51,210.37,36.91,101.33,131.86,236.71,38.04
2/27/2017,136.94,56.73,36.51,213.28,37.27,104.41,133.18,237.02,38.05
2/28/2017,136.99,56.48,36.2,210.93,36.83,101.37,131.45,236.52,37.11
3/1/2017,139.79,57.01,35.93,215.14,37.43,102.99,133.55,239.68,35.3
3/2/2017,138.96,56.37,35.91,217.29,37.61,100.3,132.13,238.19,35.52
3/3/2017,139.77,56.44,35.9,218.32,38.24,98.3,132.06,238.4,34.61
3/6/2017,139.34,56.45,35.57,217.94,37.91,97.67,132.12,237.76,33.33
3/7/2017,139.52,56.73,35.7,219.25,37.52,98.87,132.56,237.01,32.63
3/8/2017,139,57.77,35.62,219.63,37.27,98.56,132.76,236.61,32.66
3/9/2017,138.68,57.97,35.7,222.01,36.84,98.54,132.99,236.84,32.48
3/10/2017,139.19,58.68,35.91,226.35,36.83,98.95,134.54,237.43,32.4
3/13/2017,139.2,58.46,35.16,226.45,36.87,101.85,135.53,237.74,32.84
3/14/2017,138.99,58.22,35.18,224.35,36.96,101.78,135.12,236.91,32.09
3/15/2017,140.42,58.52,35.1,225.93,37.09,102.5,136.24,238.78,33
3/16/2017,140.69,58.35,35.14,222.36,37.08,103.76,136.05,238.53,32.98
3/17/2017,139.99,57.7,35.22,221.18,36.31,106.13,136.3,237.34,31.84
3/20/2017,141.44,57.81,35.43,221.24,35.78,109.45,137.33,236.76,30.34
3/21/2017,139.85,56.8,35.03,216.02,34.55,105.91,134.13,233.75,29.1
3/22/2017,141.42,57.04,35.37,217.42,34.39,108.17,135.57,234.24,28.87
3/23/2017,140.93,56.81,35.27,216.8,34.2,107,135.22,233.84,28.58
3/24/2017,140.8,56.92,35.27,218.97,34.56,107.54,135.9,234.07,28.31
3/27/2017,140.88,56.66,35.39,219.05,34.71,108.14,136.09,233.7,28.23
3/28/2017,143.8,57.38,35.6,220.95,36.09,107.69,136.46,235.18,28.28
3/29/2017,144.1,57.36,35.57,221.31,35.54,107.37,136.16,235.55,28.03
3/30/2017,143.91,57.2,35.75,220.04,35.42,109.4,136.92,236.29,27.47
3/31/2017,143.66,57.34,36.07,218.96,35.35,108.93,136.85,235.79,27.1
4/3/2017,143.7,56.5,36.16,218.8,34.14,108.38,135.5,235.55,26.33
4/4/2017,144.77,56.68,36.3,218.96,34.27,100.71,135.21,235.56,26.82
4/5/2017,144.03,56.48,36.22,217.13,34,99.9,136.13,234.71,26.58
4/6/2017,143.66,56.53,36.03,217.5,34.16,100.76,134.31,235.21,26.62
4/7/2017,143.41,56.32,36.03,218.25,33.71,100.35,135.23,235.23,26.81
4/10/2017,143.37,56.52,35.8,218.02,33.97,97.71,134.16,235.27,27.97
4/11/2017,141.51,55.35,35.7,217.55,33.93,98.12,132.03,234.95,28.1
4/12/2017,141.79,53.46,35.63,209.2,33.91,97.3,131.05,234.27,27.91
4/13/2017,141.09,52.79,35.25,211.32,33.39,95.49,131.52,232.56,27.42
4/17/2017,141.83,52.89,35.48,213.87,33.9,99.23,130.92,234.52,27.34
4/18/2017,141.2,52.61,35.77,213.1,33.69,99.29,131.19,233.84,26.89
4/19/2017,140.68,52.61,35.91,213.63,33.79,99.79,133.28,233.41,26.53
4/20/2017,142.44,52.66,36.18,218.21,34.11,101.24,134.2,235.36,26.66
4/21/2017,142.3,52.5,36.32,217.66,33.75,101.68,134.35,234.65,26.8
4/24/2017,143.64,52.81,36.75,221.24,33.91,102.95,136.06,237.06,27.08
4/25/2017,144.52,53,36.9,223.2,33.99,104.78,137.59,238.43,27.54
4/26/2017,143.65,53.04,36.9,221.69,34.38,104.02,136.53,238.4,28.99
4/27/2017,143.62,53.21,37.56,223.09,34.56,105.64,138.08,238.57,29.44
4/28/2017,143.65,53.73,36.15,220.81,34.64,104.3,136.46,238.23,29.55
5/1/2017,146.78,53.6,36.31,221.32,34.2,106.64,137.48,238.6,29.55
5/2/2017,147.53,53.29,36.97,225.45,33.19,103.42,135.98,238.75,30.32
5/3/2017,146.84,54.53,36.98,224.9,33.47,104.25,136.48,238.57,33.91
5/4/2017,146.48,54.91,36.84,223.4,33.15,103.85,136.37,238.62,34.07
5/5/2017,148.98,54.93,36.76,226.45,33.77,103.91,136.89,239.71,34.54
5/8/2017,153.06,54.62,36.5,225.08,33.97,102.71,136.38,239.65,35.13
5/9/2017,153.99,55.15,36.37,228.46,34.26,103.39,137.75,239.45,35.78
5/10/2017,153.27,55.33,36.01,231.33,34.25,121.47,140.65,239.82,36.58
5/11/2017,154.03,54.68,35.69,231.09,34.11,126.51,141.15,239.49,36.62
5/12/2017,156.1,55.32,35.53,235.96,33.62,127.97,141.58,239.06,36.39
5/15/2017,155.65,55.4,35.63,239.03,33.82,134.28,143.72,240.2,37.21
5/16/2017,155.46,55.95,35.82,240.68,33.42,136.79,145.86,240.09,36.76
5/17/2017,150.2,55.43,35.05,231.1,32.43,127.7,139.51,236.18,34.98
5/18/2017,152.59,56.12,35.22,237.66,32.48,133.07,142.15,236.81,34.96
5/19/2017,152.96,57.67,35.35,234.1,32.73,135.85,143.69,238.33,36.34
5/22/2017,154.09,59.3,35.77,238.38,32.94,138.89,145.26,239.59,36.43
5/23/2017,153.77,59.22,35.86,236.54,33.22,137.06,144.68,240.06,36.47
5/24/2017,153.34,58.64,36.12,239.6,33.21,138.57,145.61,240.53,38.9
5/25/2017,153.74,58.45,36.26,240.86,32.6,138.26,146.45,241.72,37.94
5/26/2017,153.61,57.52,36.26,241.21,33.06,141.8,147.07,241.72,36.98
5/30/2017,153.62,57.34,36.18,239.54,33.5,144.85,148,241.52,39.5
5/31/2017,152.8,57.27,36.11,239.48,33.92,144.35,148.09,241.49,38.51
6/1/2017,153.14,58.62,36.12,234.49,34.42,144.36,148.14,243.23,38.32
6/2/2017,155.44,58.58,36.26,254.55,34.43,143.4,149.6,244.15,38.33
6/5/2017,153.9,58.86,36.34,252.21,34.46,148.05,150.03,243.92,37.67
6/6/2017,154.5,58.2,36.13,253.86,34.4,147.35,150.58,243.3,37.44
6/7/2017,155.4,57.53,36.26,254.24,34.35,149.12,151.64,243.65,36.94
6/8/2017,154.86,58.12,36.48,254.95,34.11,159.92,154.32,243.68,37.8
6/9/2017,148.71,57.05,35.7,243.34,34.34,149.73,147.85,243.42,36.65
6/12/2017,145.26,57.49,35.73,242.67,34.69,149.86,147.08,243.34,36.4
6/13/2017,146.58,57.54,35.88,242.94,34.52,151.37,147.99,244.53,36.46
6/14/2017,145.06,57.07,35.53,240.54,34.62,151.8,146.45,244.29,36.19
6/15/2017,144.25,56.93,35.31,237.99,34.6,152.16,145.29,243.86,35.73
6/16/2017,142.29,56.82,35.2,236.28,34.29,151.49,144.76,242.64,35.84
6/19/2017,146.34,57.6,35.51,241.15,34.35,157.32,147.53,244.66,36.35
6/20/2017,144.98,56.79,34.85,239.99,34.39,157.18,145.84,243.15,35.45
6/21/2017,145.89,56.33,34.6,245.12,34.13,159.41,147.5,242.93,37.23
6/22/2017,145.62,56.47,34.36,244.04,34.19,158.38,147.15,242.82,38.42
6/23/2017,146.35,56.93,34.2,245.38,34.19,153.66,147.67,243.21,39.74
6/26/2017,145.82,56.57,34.07,242.75,34.52,152.1,146.37,243.2,40.17
6/27/2017,143.88,55.43,33.65,235.33,34.19,146.37,142.05,241.44,40.05
6/28/2017,145.86,56.16,34.2,241.05,34.58,151.7,144.54,243.49,40.49
6/29/2017,143.59,55.08,33.53,234.04,34.86,146.56,140.91,241.59,40.08
6/30/2017,144.2,55.22,33.74,233.05,34.93,144.8,140.18,241.89,39.88
7/3/2017,143.5,54.95,33.46,229.76,35.57,139.33,139,242.21,40.32
7/5/2017,144.02,55.45,34.34,231.61,35,143.13,141.14,242.75,39.58
7/6/2017,142.73,54.79,33.63,235.04,34.87,143.48,140.53,240.68,39.32
7/7/2017,144.18,55.35,33.88,239.62,34.96,146.76,142.89,242.06,39.24
7/10/2017,145.06,55.64,33.65,241.77,35.22,153.7,144.51,242.38,39.48
7/11/2017,145.67,55.33,33.91,240.9,35.43,155.8,145.67,242.21,39.52
7/12/2017,145.74,56.2,34.03,246.42,35.52,162.51,147.99,243.9,41.49
7/13/2017,147.84,56.27,34.24,247.31,35.87,160.69,147.64,244.37,40.95
7/14/2017,149.1,56.81,34.67,250.29,36.35,165,149.57,245.48,42.96
7/17/2017,149.65,56.46,34.47,249.02,36.39,164.25,148.94,245.52,42.64
7/18/2017,150.08,56.29,34.53,250.88,36.44,165.96,149.44,245.62,43.67
7/19/2017,151.02,56.65,34.53,254.4,36.47,165.15,150.79,246.96,45.52
7/20/2017,150.21,53.76,34.75,253.43,36.41,167.52,151.23,247.06,46.01
7/21/2017,150.27,53.84,34.73,253.11,36.07,167.9,149.94,246.86,45.6
7/24/2017,152.17,53.22,34.5,253.03,35.86,166,149.42,246.77,44.85
7/25/2017,152.74,53.27,34.67,254.3,35.58,165.35,149.35,247.32,45.72
7/26/2017,153.62,53.14,34.75,257.01,35.61,167.2,151.03,247.48,45.47
7/27/2017,150.44,52.49,34.97,250.95,35.93,161.96,148.66,247.11,45.61
7/28/2017,149.39,52.88,35.31,250.37,35.76,164.39,147.9,246.95,48.22
7/31/2017,148.73,53.19,35.51,246.66,35.98,162.51,147.02,246.83,48.88
8/1/2017,149.85,53.41,36.39,248.37,34.76,164.49,147.86,247.34,49.65
8/2/2017,157.01,53.25,36.64,253.36,34.82,164.39,146.83,247.44,48.63
8/3/2017,155.66,52.95,36.49,250.29,34.77,166.48,146.23,247.01,47.3
8/4/2017,156.33,52.62,36.35,249.17,35.27,167.21,146.37,247.37,47.98
8/7/2017,158.67,52.7,36.43,252.44,35.3,172.3,148.83,247.84,48.57
8/8/2017,160.54,52.29,36.36,251.36,35.39,170.4,148.34,247.27,47.84
8/9/2017,161.13,52.77,36.59,249.17,35.28,172.05,147.89,247.28,47.43
8/10/2017,155.32,52.34,36.12,240.7,34.88,164.73,143.77,243.94,46.75
8/11/2017,157.49,52.72,35.87,244.17,34.93,156,144.6,244.11,47.54
8/14/2017,159.84,53.55,36.34,250.91,35.47,168.44,148.28,246.45,48.88
8/15/2017,161.58,53.87,36,253.69,35.55,166.98,148.68,246.52,49.09
8/16/2017,160.95,53.31,35.81,253.42,35.75,165.1,148.91,246.91,49.08
8/17/2017,157.87,52.27,35.17,246.95,35.01,161.59,145.07,243.2,47.77
8/18/2017,157.5,51.9,35.01,249.37,34.83,161.85,145.38,242.75,48.06
8/21/2017,157.21,51.98,34.92,249.62,34.91,159.05,144.32,242.98,45.75
8/22/2017,159.84,52.35,34.65,255.42,35.3,162.72,146.65,245.36,46.59
8/23/2017,159.97,52.23,34.66,256.92,35.49,165.75,147.32,244.5,46.48
8/24/2017,159.25,52.49,34.71,255.05,35.52,165.29,147.31,244.17,47.2
8/25/2017,159.88,52.03,34.67,245.59,35.61,163.81,146.57,244.58,47.41
8/28/2017,161.49,51.81,34.65,243.25,35.45,164.97,146.94,244.68,48.02
8/29/2017,162.9,51.81,34.73,241.73,35.51,164.5,147.28,244.85,48.39
8/30/2017,163.39,52.12,34.89,246.02,35.82,165.63,149.79,246.06,48.09
8/31/2017,164,52.27,35.07,252.06,36.54,169.32,151.26,247.27,46.96
9/1/2017,164.01,52.05,35.09,252.73,37.36,170.5,152.09,247.86,47.84
9/5/2017,162.08,50.03,35.02,249.05,37.23,165.75,150.39,246.21,47.86
9/6/2017,161.91,50.45,35.76,249.38,37.68,165.81,150.14,246.83,47.35
9/7/2017,161.3,50.38,35.54,246.55,36.91,166.58,150.46,246.97,47.45
9/8/2017,158.77,49.64,35.19,244.11,37,163.7,148.74,246.56,46.91
9/11/2017,161.4,50.57,35.76,247.74,37.33,169,151.17,249.2,47.16
9/12/2017,160.84,50.9,36.09,247.14,37.89,169.61,151.68,250.07,47.51
9/13/2017,159.65,51,36.32,246.24,38.21,170.35,151.94,250.15,46.83
9/14/2017,158.28,51.48,36.48,246.95,38.79,169.4,153.45,250.09,48.43
9/15/2017,159.86,52.2,37.01,250.63,38.83,180.07,155.52,249.19,50.45
9/18/2017,158.62,52.25,37,249.75,38.59,187.64,158.24,249.71,48.54
9/19/2017,158.7,52.3,37.23,249.76,38.7,187.35,158.3,249.92,48.86
9/20/2017,155.96,51.98,37.04,242.91,38.88,185.73,155.58,250.06,48.85
9/21/2017,153.3,52.03,37.2,240.38,39.1,180.85,155.09,249.47,48.78
9/22/2017,151.75,52.09,37.18,239.24,39.43,179.1,155.87,249.48,51.41
9/25/2017,150.64,51.62,36.91,235.51,40.3,170.99,152.9,249.07,46.88
9/26/2017,153.1,51.13,37.54,237.27,40.27,172.08,152.39,249.02,46.17
9/27/2017,154.2,51.55,37.54,240.58,40.58,175.95,154.82,250,47.05
9/28/2017,153.22,51.75,37.88,242.94,40.58,175.68,156.49,250.34,46.14
9/29/2017,154.19,51.84,38.08,242.53,40.38,178.77,158.39,251.27,45.88
10/2/2017,153.79,51.88,39,240.48,42.15,178.93,159.54,252.25,47.17
10/3/2017,154.39,52.02,39.38,239.51,43.45,179.36,160.05,252.83,47.23
10/4/2017,153.39,51.96,39.13,242,43.78,180.87,160.44,253.16,47.65
10/5/2017,155.4,52.35,39.48,243.67,43.85,180.77,160.51,254.62,47.93
10/6/2017,155.35,52.49,39.63,245.69,44.93,181.21,161.23,254.34,48.21
10/9/2017,155.85,52.88,39.86,246.42,45.36,185.39,162.39,254.02,46.91
10/10/2017,155.9,53.87,39.65,245.99,45.21,188.93,163.41,254.6,47.67
10/11/2017,156.55,54.12,39.3,250.4,45.47,190.6,164.44,255.02,47.2
10/12/2017,156,53,39.16,248.74,44.89,191.1,163.89,254.62,47.11
10/13/2017,156.95,52.82,39.68,247.96,45.88,194.59,165.04,254.91,47.59
10/16/2017,159.89,52.38,39.76,246.67,45.76,197.82,165.8,255.33,47.31
10/17/2017,160.47,52.41,39.81,242.62,45.02,197.75,165.66,255.43,47.24
10/18/2017,159.76,52.21,40.3,244,45.12,197.57,166.21,255.71,46.94
10/19/2017,155.94,52.29,40.09,244.29,45.35,197.8,165.78,255.84,47.64
10/20/2017,156.22,52,40.37,244.24,45.61,196.83,166.56,257.12,47.73
10/23/2017,156.3,53.39,40.83,244.27,45.15,196.62,167.45,256.2,48.92
10/24/2017,157.1,54.25,41.09,247.68,46.48,198.54,168.59,256.52,48.61
10/25/2017,156.54,53.84,40.78,245.82,45.12,193.72,166.38,255.43,47.39
10/26/2017,157.41,53.8,42.5,243.76,45.25,195.23,167.43,255.5,47.51
10/27/2017,163.09,54.57,44.35,252.9,44.64,201.86,170.89,257.64,57.67
10/30/2017,166.72,54.66,44.34,261.23,43.37,203.7,171.35,256.85,60.43
10/31/2017,169.04,51.06,45.48,263.91,42.98,206.93,172.68,257.14,54.74
11/1/2017,166.83,53.4,46.72,258.88,43.13,207.2,172.09,257.5,57.21
11/2/2017,168.1,54.82,47.1,259.5,42.8,205.75,172.9,257.69,57.87
11/3/2017,172.47,62.02,46.34,273.63,42.34,208.69,175.98,258.41,59.87
11/6/2017,174.25,62.52,46.71,277.52,42.14,209.61,178.49,258.76,61.47
11/7/2017,174.81,64.1,46.51,271.32,41.7,211.95,178.33,258.66,60.96
11/8/2017,176.23,65.49,46.59,272.4,42.11,209.17,178.9,259.01,61.79
11/9/2017,175.82,64.6,46.3,265.64,42.11,205.33,175.31,258.35,60.54
11/10/2017,174.65,64.82,45.58,264.96,42.66,216.39,176.44,258,61.59
11/13/2017,173.9,66.46,45.75,265.01,43.57,212.63,176.98,258.28,61.58
11/14/2017,171.44,66,45.86,263.26,43,214.39,176.73,257.82,61.28
11/15/2017,169.07,65.61,45.46,265.6,42.86,209.98,175.25,256.44,60.6
11/16/2017,171.1,66.11,45.6,272.11,43.6,211.59,177.86,258.48,60.26
11/17/2017,170,66.72,44.66,271.86,43.87,211.36,177.08,257.96,60.18
11/20/2017,169.98,66.47,44.62,274.88,44.88,214.08,179.19,258.2,61.06
11/21/2017,173.02,66.68,44.93,276.59,44.97,215.8,181.24,259.89,60.24
11/22/2017,174.92,68.19,44.65,275.37,44.29,214.71,180.14,259.72,60.51
11/24/2017,174.81,68.91,44.75,282.38,44.46,216.96,181.75,260.36,60.61
11/27/2017,174.09,68.14,44.42,284.62,44.17,214.14,179.44,260.37,61.65
11/28/2017,173.07,68.38,44.65,281.84,44.92,210.71,179.55,262.79,62.13
11/29/2017,169.48,66.52,43.95,271.5,43.81,196.53,171.65,262.63,60.02
11/30/2017,171.75,66.45,44.84,277.94,43.08,200.71,172.56,264.66,62.1
12/1/2017,171.05,65.49,44.68,271.56,42.79,197.6,170.69,264.57,60.3
12/4/2017,169.74,64.56,44.49,263.61,43.06,186.61,166.59,264.17,57.27
12/5/2017,169.64,64.69,43.44,261,42.8,187.74,166.55,263.32,61.21
12/6/2017,169.01,64.99,43.45,264,42.15,189.26,167.26,263.25,63.2
12/7/2017,169.46,65.23,43.1,263.89,42.02,191.99,168.89,264.1,68.43
12/8/2017,169.25,64.21,43.36,259.91,42.02,191.49,167.99,265.45,70.02
12/11/2017,172.62,65,43.66,259.95,41.67,194.7,169.02,266.34,70.09
12/12/2017,171.7,64.86,43.33,258.7,41.54,190.84,167.34,266.81,68.91
12/13/2017,172.37,64.9,43.34,262.03,41.4,186.24,167.35,266.79,68.48
12/14/2017,172.22,64.7,43.2,260.39,40.81,186.47,167.19,265.82,67.89
12/15/2017,173.76,64.8,44.6,265.78,40.95,191.6,169.76,266.59,68.96
12/18/2017,176.65,65.38,46.26,264.39,42.15,197.83,173.46,268.2,70.63
12/19/2017,174.57,64.5,47.21,263.7,42.49,196,172.98,267.42,69.15
12/20/2017,174.36,64.6,47.62,265.64,42.52,196.43,174.04,267.06,68.69
12/21/2017,175.1,64.39,46.71,261.53,42.16,195.89,172.33,267.62,69.11
12/22/2017,175.01,64.73,46.65,262.35,42.02,195.27,172.25,267.44,68.85
12/26/2017,170.35,64.3,46.08,258.1,41.8,197.44,170.57,267.2,68.04
12/27/2017,170.44,64.54,46.11,259.12,41.31,197.17,171.15,267.4,68.84
12/28/2017,170.85,64.38,46.22,260.42,41.37,197.4,171.52,267.78,68.35
12/29/2017,169.33,64.02,46.22,256.9,40.99,193.59,169.82,266.89,67.52
1/2/2018,172.1,65.2,46.85,266.83,41.8,199.34,174.41,268.58,69.13
1/3/2018,172,65.94,45.07,269.93,42.82,212.6,177.47,270.42,69.89
1/4/2018,173,66.03,44.41,270.02,44.14,213.75,178.47,271.54,66.58
1/5/2018,175.02,66.38,44.74,271.62,44.01,215.4,179.56,273.36,68.78
1/8/2018,174.31,66.34,44.74,272.38,44.22,222.08,180.88,273.93,69.23
1/9/2018,174.33,65.27,43.62,268.5,44.05,221.8,179.13,274.48,69.23
1/10/2018,174.09,65.26,42.49,262.83,43,223.5,176.94,274.12,69.5
1/11/2018,175.2,65.43,43.41,263.47,44.19,224.08,178.02,276.11,75.53
1/12/2018,177.03,65.36,43.24,264.29,44.07,222.7,178.99,277.94,72.42
1/16/2018,176.21,68.31,43.15,263.25,44.19,220.11,179.58,277.26,72.15
1/17/2018,179.05,68.02,44.38,265.81,44.04,224.72,184.82,279.54,70.73
1/18/2018,179.18,68.05,44.48,269.8,43.86,224.44,185.67,279.28,71.12
1/19/2018,178.45,68.01,44.76,266.39,43.15,230.05,185.85,280.46,70.1
1/22/2018,177,68.66,45.75,262.11,43.29,233.69,187.24,282.74,69.88
1/23/2018,177.04,68.34,46.11,262.9,43.38,238.75,188.68,283.24,69.5
1/24/2018,174.14,67.98,45.5,256.86,44.16,235.8,184.33,283.22,69.1
1/25/2018,171.18,67.4,45.35,247.29,43.18,236.35,181.17,283.32,69.68
1/26/2018,171.43,68.44,50.05,250.79,43.49,243,186.97,286.54,70.06
1/29/2018,167.94,67.32,49.98,245.47,43.02,246.8,186.76,284.86,68.63
1/30/2018,167.05,66.99,48.8,240.98,42.7,242.6,182.98,282.07,67.81
1/31/2018,167.04,68.5,48.19,248.21,42.41,245.8,184.49,282.03,66.98
2/1/2018,167.67,66.8,47.65,238.79,42.43,240.5,185.72,281.58,67.55
2/2/2018,160.49,66.1,46.15,235.32,41,233.52,181.14,275.61,66.44
2/5/2018,157.16,61.73,44.65,228.1,39.59,213.65,178.57,263.92,63.25
2/6/2018,163.09,64.4,44.89,240,41.86,225.34,171.28,269.3,63.48
2/7/2018,159.65,65.04,45.43,237.38,42.39,229,176.16,267.64,62.94
2/8/2018,156.6,62.42,42.88,230,40.75,219,169.36,259.05,60.69
2/9/2018,156.35,64.09,43.95,235.5,41.46,231.8,166.77,261.55,61.22
2/12/2018,162.68,65.66,44.71,243.99,42,228.02,172.23,264.73,62.48
2/13/2018,164.34,65.7,44.41,245.86,41.4,232.63,172.68,265.87,64.22
2/14/2018,167.45,66.59,45.38,247.66,41.81,241.28,175.03,269.51,65.24
2/15/2018,172.93,65.28,45.91,251.83,42.04,246.45,175.3,273,65.82
2/16/2018,172.65,64.86,45.56,248.89,41.09,243.67,179.93,273.27,65.85
2/20/2018,173.39,63.91,46.32,249.62,40.77,249.08,181.49,271.32,66.58
2/21/2018,171.01,63.31,45.86,248.63,40.56,241.5,181.82,269.58,66.67
2/22/2018,172.55,62.18,45.8,249.35,40.91,242.15,180.35,270.52,66.28
2/23/2018,175.6,63.32,47.66,253.71,40.91,245.7,181.37,274.54,61.79
2/26/2018,178.92,66.94,49.08,252.95,41.55,246.31,184.55,277.95,65.1
2/27/2018,178.33,66.34,50.03,251.81,40.16,246,187.69,274.58,63.48
2/28/2018,178.12,65.12,49.35,246.46,39.34,242,186.04,271.39,62.85
3/1/2018,175.06,64.96,47.84,243.31,37.79,231.57,183.85,267.8,62.09
3/2/2018,176.03,64.74,48.93,250.87,37.43,236.72,181.2,269.05,64.33
3/5/2018,176.9,64.08,49.69,246.91,37.74,235.5,185.79,271.99,66.05
3/6/2018,176.58,62.14,50.71,250.96,37.93,242.11,188.03,272.8,67.45
3/7/2018,175.02,62.49,51.3,247.05,37.74,241.85,189.9,272.67,67.95
3/8/2018,176.93,61.82,50.67,246.95,37.83,241.17,189.64,274.01,67.69
3/9/2018,179.96,63.03,52.01,253.78,37.84,243.89,193.22,278.59,67.9
3/12/2018,181.8,62.81,51.53,262.84,37.83,249.76,196.35,278.63,70.05
3/13/2018,180.05,59.7,51.73,261.22,38.01,247.4,195.06,276.93,69.15
3/14/2018,178.44,60.11,51.88,260.83,37.69,248,191.84,275.13,69.52
3/15/2018,178.8,59.89,50.9,268,37.84,249.34,193.97,275.16,68.74
3/16/2018,178.02,60.62,51.17,255.75,37.93,250.3,192.98,274.43,69.88
3/19/2018,175.3,58.37,50.85,244.95,37.01,241.05,186.96,270.64,71.26
3/20/2018,175.23,58.26,51.55,242.36,36.89,249.41,190.03,270.92,73
3/21/2018,171.44,56.81,51.56,246,37.58,248.54,192.35,270.41,73.87
3/22/2018,168.85,55.58,50.89,243.63,36.35,241.83,186.22,263.78,72.09
3/23/2018,165,53.66,49.67,242.48,35.17,232.74,181.32,258.23,70.65
3/26/2018,172.65,56.11,52.48,247.73,35.99,244.7,182.88,264.91,74.02
3/27/2018,168.6,54.84,51.22,244.37,34.83,225.97,187.93,260.96,71.51
3/28/2018,166.52,54.72,49.57,236.68,35.47,221.26,177.66,259.88,69.32
3/29/2018,167.97,55.43,52.01,235.65,36.34,232.7,178.47,263.27,70.98
4/2/2018,166.34,53.81,48.99,227.68,35.76,221,174.36,257.31,69.39
4/3/2018,168.48,54.78,49.73,236.78,36.94,225.35,174.41,260.57,69.75
4/4/2018,168.39,54.78,49.75,236.78,38.03,226.06,175.53,263.7,70.19
4/5/2018,172.84,55.04,50.34,236.31,38,221.25,178.48,265.73,71.64
4/6/2018,168.42,53.13,48.86,228.87,37.68,214.25,175.48,259.95,69.7
4/9/2018,170.05,53.43,49.61,234.74,37.85,215.4,176.86,260.66,70.85
4/10/2018,173.27,54.77,51.26,239.75,39.07,227.87,177.27,264.93,70.79
4/11/2018,172.42,55.01,51.1,240.32,39,226.24,179.1,263.61,71.25
4/12/2018,174.14,55.2,52.75,239.43,38.83,234.6,181.3,265.84,71.23
4/13/2018,174.73,55.73,51.86,246.94,38.78,231.38,180.73,265.14,70.68
4/16/2018,175.71,54.79,52.4,248.62,39.17,231.49,180.27,267.54,70.11
4/17/2018,178.24,55.26,53.54,251.74,39.22,237.54,183.17,270.17,72.68
4/18/2018,177.85,55.23,53.54,249.73,38.93,236.37,182.45,270.37,77.57
4/19/2018,172.8,52.58,52.22,242.86,37.77,228.97,174.29,268.81,76.96
4/20/2018,165.99,51.44,51.53,237.12,37.61,228.79,172.49,266.79,75.53
4/23/2018,165.22,50.53,51.1,233.45,37.69,223.74,172.32,266.57,74.37
4/24/2018,163.1,49.85,51.48,228.39,37.93,221.2,170.33,263.17,74.07
4/25/2018,163.64,49.75,51.36,229,38.11,216.5,168.08,263.81,73.58
4/26/2018,164.18,50.47,53.14,230.42,38.25,225.22,170.52,266.4,75.08
4/27/2018,162.34,51.12,52.75,232.85,37.65,226.67,170.61,266.77,77.95
4/30/2018,165.46,51.01,51.63,229.42,36.74,224.9,168.87,264.52,70.91
5/1/2018,169.2,50.82,53.32,230.38,36.42,227.02,169.42,264.94,67.51
5/2/2018,176.73,50.26,52.33,228.9,36.2,226.31,170.41,263.04,68.02
5/3/2018,176.89,50.31,52.29,225.57,36.15,233,169.59,262.76,65.98
5/4/2018,183.87,52.49,52.78,230.49,36.71,239.08,174.64,265.86,66.37
5/7/2018,186.28,53.01,53.33,235.97,36.34,248.68,178.08,266.98,67.15
5/8/2018,186.05,52.86,53.63,238.85,36.33,250.47,178.19,266.87,67.26
5/9/2018,187.3,53.17,54.34,238.01,36.27,255.78,180,269.54,69.43
5/10/2018,190,54.97,54.98,243.51,37.16,260.35,183.13,271.91,73.01
5/11/2018,188.51,55.23,54.65,243.38,36.89,254.53,183.86,272.74,72.78
5/14/2018,188.09,56.74,54.92,244.76,36.63,255.31,185.86,273,73.54
5/15/2018,186.4,55.64,53.92,241.58,36.95,245.6,182.81,271.12,73.44
5/16/2018,188.12,56.7,54.64,240.51,38.03,245.93,185.14,272.19,72.77
5/17/2018,186.94,56.93,54.81,239.45,38.3,247.7,185.98,271.97,71.39
5/18/2018,186.41,57.51,53.5,235.99,37.79,245.75,183.54,271.39,70
5/21/2018,187.6,57.71,54.23,238.84,38.09,244.3,184.26,273.3,70.92
5/22/2018,187.29,57.39,54.45,238.49,38.28,242.7,186.12,272.6,69.99
5/23/2018,188.37,58.16,55.11,240.56,37.85,247.54,184.94,273.23,68.42
5/24/2018,188.15,59.08,54.75,243.53,38.39,247.63,186.51,272.9,68.37
5/25/2018,188.63,59.96,55.38,250.03,38.3,249.22,188.6,272.05,68.25
5/29/2018,187.47,58.23,55.29,249.5,37.38,248.59,186.84,269.22,69.21
5/30/2018,187.5,58.39,55.64,249.4,37.83,252.9,190.03,272.54,69.04
5/31/2018,186.89,58.21,55.2,252.07,42.7,252.19,188.82,270.87,67.61
6/1/2018,190.2,58.61,57.08,256.34,43.19,257.53,190.99,273.54,65.93
6/4/2018,191.8,58.71,56.81,258.37,43.78,264.83,192.35,274.82,61.73
6/5/2018,193.41,58.97,56.64,259.26,43.41,264.99,193.58,275.27,58.24
6/6/2018,193.98,59.84,57.03,263.51,43.93,265.14,194.2,277.44,55.53
6/7/2018,193.53,60.64,55.95,264.68,44.01,262.9,193.72,277.58,53.28
6/8/2018,191.71,60.26,55.05,257.97,44.25,262.28,190.81,278.18,52.67
6/11/2018,191.23,60.05,54.52,260.71,44.85,260.62,191.4,278.58,51.76
6/12/2018,192.21,59.79,54.73,261.43,44.18,261.95,192.35,278.9,53.85
6/13/2018,190.75,59.34,55.03,263.58,44.43,262.38,194.08,278.07,52.69
6/14/2018,190.95,59.46,55.37,268.48,43.57,267.22,193.6,278.8,53.71
6/15/2018,188.8,59.86,55.11,270.23,43.91,265.56,192.43,277,51.06
6/18/2018,188.71,59.2,53.22,264.5,43.95,265.09,190.84,276.64,51.83
6/19/2018,185.69,58.7,52.93,260.95,42.25,260.25,188.54,275.41,52.23
6/20/2018,186.52,58.79,53.46,261.22,41.95,262.27,190.64,276.06,51.67
6/21/2018,185.46,58.75,52.18,259.65,41.12,257.3,189.06,274.32,52.32
6/22/2018,185.38,58.3,52.43,259.7,41.24,250.9,186.54,275.03,52.65
6/25/2018,182.17,57.05,50.71,252.42,40.6,239.12,179.65,270.74,52.68
6/26/2018,184.45,56.45,49.67,251.54,41.01,241.99,180.93,271.66,51.91
6/27/2018,184.3,55.17,48.84,247.11,40.9,235.68,180.27,269.45,50.98
6/28/2018,185.57,55.9,49.25,244.9,40.52,240.92,177.2,270.8,52.13
6/29/2018,185.35,56.1,49.8,242.64,39.42,237.01,179.25,271.62,52.66
7/2/2018,187,56.18,50.2,241.97,39.51,242.38,176.74,271.89,53.07
7/3/2018,183.92,55.33,49.47,238.77,38.97,236.84,179.07,270.9,52.63
7/5/2018,185.45,57.38,50.75,245.13,39.47,242.7,179.7,273.02,52.55
7/6/2018,188.03,57.84,51.37,247.68,39.16,247.36,182.1,275.31,53.87
7/9/2018,189.74,57.69,51.86,247.43,39.75,249.25,182.72,277.86,54.27
7/10/2018,190.35,58.37,52.16,250.56,40.09,253.25,186,278.77,55.5
7/11/2018,188.07,57.3,51.28,243.44,39.3,247.85,181.9,276.83,54.29
7/12/2018,191,58.32,52.35,210.15,39.27,251.23,182.41,279.25,54.51
7/13/2018,191.38,58.39,52.22,202.41,39.36,249.21,182.44,279.48,54.18
7/16/2018,190.8,58.35,52.01,203.25,39.56,248.28,182.47,279.37,54.07
7/17/2018,191.57,58.75,51.75,208,40.03,253.5,182.73,280.49,53.58
7/18/2018,190.36,58.76,51.69,208.78,39.87,251.7,185.23,281.05,53.42
7/19/2018,192,59.31,52.01,210.37,39.31,252.03,185.24,279.92,54.24
7/20/2018,190.95,58.61,51.9,210.33,39.4,250.89,184.99,279.72,54.06
7/23/2018,191.51,59.08,52.31,216.72,39.27,249.41,183.73,280.23,52.88
7/24/2018,192.88,58.76,52.18,217.34,39.48,248.58,184.24,281.46,52.97
7/25/2018,194.58,59.44,52.33,225.97,37.65,251.74,182.18,284.02,53.67
7/26/2018,193.5,63.65,52.65,223.18,36.76,254.85,186.45,283.3,54.36
7/27/2018,190.65,62.69,47.67,221,37.53,252.02,187.14,281.39,49.69
7/30/2018,189.91,62.04,47.69,225.19,37.67,244.13,184.02,279.89,51.58
7/31/2018,190.5,64.21,48.15,221.87,37.9,245,186.7,281.8,52.82
8/1/2018,201.81,64.35,48.81,216.8,37.13,246.47,185.05,280.81,53.38
8/2/2018,207.36,64.77,49.44,216.35,36.62,250.62,185.97,282.46,53.59
8/3/2018,207.85,65.4,49.62,217.65,37.75,252.04,186.71,283.6,52.84
8/6/2018,209,65.73,49,216.95,37.6,253.92,187.48,284.73,53.57
8/7/2018,207.17,65.44,49.85,220.31,37.6,256.95,189.52,285.6,53.6
8/8/2018,207.22,65.16,49.96,219.46,37.66,258.49,190.07,285.35,54.46
8/9/2018,208.88,65.26,50.14,216.58,37.5,256.46,189.15,285.09,54.45
8/10/2018,207.6,64.82,48.85,212.23,36.6,254.81,184.23,283.31,52.79
8/13/2018,208.98,64.82,48.45,211.08,36.16,256.12,184.43,282.24,52.47
8/14/2018,209.8,65.43,48.08,207.3,36.2,261.45,184.52,283.69,52.01
8/15/2018,210.3,65.68,47.46,206.58,35.94,259.04,180.05,281.91,50.6
8/16/2018,213.28,65.76,47.17,209.31,36.29,257.7,182.23,284.14,50.9
8/17/2018,217.58,66.09,47.16,209.27,36.38,244.44,179.44,284.92,51
8/20/2018,215.36,66.16,46.5,206.72,36.77,247.45,178.68,285.74,52.32
8/21/2018,215.05,66.55,47.56,210.51,36.91,253.06,182.59,286.22,52.93
8/22/2018,215.08,66.84,47.05,207.54,36.13,262.8,184.13,286.16,52.55
8/23/2018,215.7,66.86,46.98,205.59,35.67,266.84,184.29,285.81,51.57
8/24/2018,216.19,67.15,47.66,209,35.95,272.24,186.44,287.5,52.08
8/27/2018,217.94,67.34,48.35,212.97,37.69,275.9,190.18,289.58,52.61
8/28/2018,219.78,69.78,48.57,214.43,37.3,274.38,188.85,289.93,51.94
8/29/2018,223.13,69.2,48.75,214.99,37.12,278.27,191.09,291.48,53.07
8/30/2018,225.04,68.14,48.35,216.65,36.37,277.35,190.22,290.36,52.16
8/31/2018,227.75,68.5,48.33,219.03,36.05,280.68,189.63,290.3,52.08
9/4/2018,228.36,70.01,47.96,219.43,35.6,283.7,190.33,289.92,51.31
9/5/2018,226.94,70.89,47.72,221.42,35.29,278.42,190.66,289.09,51.26
9/6/2018,223.1,70.62,47.26,216.52,34.38,272.72,187.41,288.2,50.15
9/7/2018,221.18,70.37,46.45,232.8,33.92,271.87,186.84,287.36,48.51
9/10/2018,218.33,72.32,46.3,240.61,33.87,274.73,186.55,288.1,48.16
9/11/2018,223.82,72.51,45,232.55,33.77,272.8,186.51,289.17,48.45
9/12/2018,221,71.75,44.93,229.89,34.06,268.24,180.91,289.15,48.9
9/13/2018,226.5,74.58,45.59,235.55,34.25,271.34,186.64,290.81,48.41
9/14/2018,223.79,75.09,45.54,236.34,34.62,276.43,186.16,291.05,48.21
9/17/2018,217.86,73.24,45.45,234.83,35.02,273.86,186.95,289.54,47.75
9/18/2018,218.26,74.72,46.16,239.73,35.1,270.96,186.94,290.92,49.55
9/19/2018,218.39,74.06,46.2,241.79,35.74,271.98,186.51,291.21,49.6
9/20/2018,220.09,74.6,47.2,244.93,36.09,266.28,188.33,293.54,50.29
9/21/2018,217.67,73.66,46.66,249.21,35.32,263.1,189.27,292.03,49.98
9/24/2018,220.92,73.58,47.01,249.45,34.75,265.61,188.25,291.18,50.23
9/25/2018,222.38,72.74,45.91,247.65,33.57,268.41,186.18,290.73,49.65
9/26/2018,220.52,71.76,45.7,245.43,33.73,266.92,184.4,289.52,48.56
9/27/2018,224.9,71.71,45.88,246.45,33.71,267.4,184.41,290.62,48.52
9/28/2018,225.75,72.03,47.28,246.73,33.67,281.16,184.56,290.8,48.42
10/1/2018,227.26,72.6,46.46,249.51,34.2,289.77,186.73,291.53,48.98
10/2/2018,229.28,73.35,48.16,248.1,33.3,286.48,188.03,291.64,49.23
10/3/2018,232.03,72.64,48.76,249.42,34.01,286.53,185.5,291.73,48.3
10/4/2018,227.85,72.38,48.13,248.17,34.26,279.29,182.11,289.66,47.61
10/5/2018,224.1,71.24,47.03,245.32,34.12,269.65,177.77,288,46.97
10/8/2018,223.8,70.93,47.03,241.37,34.26,265.77,175.45,288.05,47.29
10/9/2018,226.87,70.13,46.55,244.7,32.67,265.35,176.56,287.35,47.13
10/10/2018,216.6,66.65,45.17,231.83,32.62,245.69,171.06,278.11,46.36
10/11/2018,214.82,64.29,44.36,228.9,32.31,235.13,169.24,272.45,45.37
10/12/2018,222.24,64.19,44.88,232.95,31.79,246.3,168.53,275.89,45.53
10/15/2018,217.48,64.12,44.62,232.47,32.12,235.38,168.89,274.45,46.12
10/16/2018,222.1,66.12,46.03,238.4,32.34,245.9,172.21,280,47.61
10/17/2018,221.1,66.15,45.94,237.36,31.93,243.06,172.96,280.47,47.22
10/18/2018,216.08,65.19,45.03,228.02,31.08,239.53,169.09,276.85,46.76
10/19/2018,219.26,65.36,43.99,230.59,31.19,229.16,168.3,275.95,46.59
10/22/2018,220.62,65.93,45,228.62,31.34,231.22,166.61,275.05,45.35
10/23/2018,222.76,66.38,44.5,229.05,32.13,221.06,163.48,273.57,44.19
10/24/2018,215.82,62.62,42.5,218.71,30.57,199.39,162.03,265.78,42.43
10/25/2018,219.6,63.2,44.95,222.24,32.02,207.84,158.3,270.04,41.23
10/26/2018,216.33,62.49,45.63,213.15,32.65,197.99,156.98,265.74,39.37
10/29/2018,212.3,62.17,45.4,211.5,33.14,185.5,157.97,263.56,36.94
10/30/2018,213.3,63.18,47.71,221.01,33.53,203.15,158.45,267.68,39.78
10/31/2018,218.79,62.9,46.92,223.49,36.58,210.94,162.18,270.54,41.8
11/1/2018,222.41,63.71,48.22,229.88,36.46,218.11,169.11,273.36,41.46
11/2/2018,205.75,63.35,47.13,220.77,36.03,214.73,167.96,271.93,43
11/5/2018,201.42,63.47,47.94,220.09,36.25,211.77,165.14,273.65,43.93
11/6/2018,203.8,63.63,47.39,228.25,36.45,211.52,168.42,275.22,42.83
11/7/2018,209.93,62.85,48.72,234.4,36.88,213.38,170.2,281.01,44.17
11/8/2018,208.49,58.01,48.99,240.25,36.56,205.99,170.45,280.53,42.67
11/9/2018,204.35,56.72,48.11,239.38,35.7,205.66,167.03,277.67,42.22
11/12/2018,194.23,54.49,46.69,223.78,35.69,189.5,159.59,272.74,42.71
11/13/2018,192.4,54.41,47.39,224.83,35.93,199.11,162.65,271.62,42.45
11/14/2018,186.8,53.94,47.11,226.09,35.24,197.71,162.97,270.12,42.54
11/15/2018,191.41,55.39,48.11,236.34,35.55,202.61,163.33,272.87,44.08
11/16/2018,193.68,56.27,48.95,237.61,35.76,164.35,164.74,273.86,44.37
11/19/2018,185.85,54.9,48,229.14,35.68,144.66,163.11,269.22,43.94
11/20/2018,176.5,54.92,47.38,227.71,35.08,149,161.51,263.8,42.05
11/21/2018,176.74,55.27,47.03,230,35.55,144.71,160.79,264.87,42.6
11/23/2018,172.29,55.25,46.54,229.9,35.93,145,161.14,262.94,43.34
11/26/2018,174.62,55.73,47.45,235.31,37.65,153.05,162.05,267.63,43.43
11/27/2018,174.25,55.57,48.01,235.83,36.69,153.52,164.12,268.26,44.87
11/28/2018,181.13,56.71,48.87,235.22,36.95,160.02,162.72,274.19,45.4
11/29/2018,179.6,58.11,47.74,235.78,36.76,157.38,165.68,273.99,44.34
11/30/2018,178.58,58.26,49.27,237.41,37.9,163.43,166.16,275.84,44.45
12/3/2018,184.72,59.14,50.13,242.07,38.45,170.04,171.99,279.06,46.4
12/4/2018,176.9,57.9,47.88,232.04,36.52,157.27,169.44,270.33,44.5
12/5/2018,NULL,NULL,NULL,NULL,NULL,NULL,NULL,NULL,NULL
12/6/2018,174.69,57.11,48.37,227.24,35.69,158.29,160.16,270.01,43.71
12/7/2018,168.72,55.99,46.24,228.65,34.69,147.61,161.4,263.52,42.59
12/10/2018,169.8,57.24,47.21,239.25,34.42,151.75,157.23,264.44,43.21
12/11/2018,168.63,57.35,47.38,246.84,34.7,148.19,162.61,264.24,42.45
12/12/2018,169.09,57.72,47.83,254.98,35.69,148.9,164.15,265.56,43.6
12/13/2018,170.95,58.09,48.29,258.3,35.11,148.89,162.64,265.11,45.3
12/14/2018,165.48,57.7,47.86,254.83,35.1,146.64,162.61,260.62,43.64
12/17/2018,164.15,57,47.09,254.12,34.66,143.59,161.05,255.5,42.04
12/18/2018,166.23,57.82,47.74,249.55,34.9,147.01,162.15,254.87,43.22
12/19/2018,160.93,56.7,45.57,243.89,34.93,138.51,159.75,251.2,42.25
12/20/2018,156.72,56.37,45.63,241.89,34.27,135.33,153.85,247.73,42.39
12/21/2018,150.75,54.85,44.94,244.94,32.98,129.57,153.1,240.61,40.57
12/24/2018,146.67,53.65,43.59,233.8,32.37,127.08,149.24,233.24,39.24
12/26/2018,156.85,56.16,45.99,248.14,33.52,132.87,145.19,246.27,41.99
12/27/2018,155.99,56.09,46.39,250.85,33.96,131.17,150.86,248.42,42.25
12/28/2018,156.28,56.81,46.75,253.81,33.92,133.65,155.44,247.47,42.39
12/31/2018,157.48,56.91,46.92,253.5,33.45,133.5,155.47,249.78,42.46
1/2/2019,157.72,57.4,47.06,253.51,33.64,136.22,158.21,250.33,42.59
1/3/2019,142.4,55.7,44.49,230.76,32.25,127.99,151.36,244.57,43.48
1/4/2019,148.23,56.6,47.22,233.23,33.34,136.05,153.57,252.26,45.48
1/7/2019,147.88,56.44,47.44,237.98,34.4,143.4,157.13,254.3,46.63
1/8/2019,150.68,55.91,47.71,236.07,34.82,139.92,155.98,256.73,45.54
1/9/2019,153.31,56.61,48.01,246.28,35.18,142.53,160.41,257.77,47.17
1/10/2019,153.8,56.8,48.56,249.52,34.72,145.23,162.31,259.15,47.69
1/11/2019,152.27,57.5,48.91,250.57,37.17,148.85,164.5,258.87,47.4
1/14/2019,149.75,57.3,48.3,250.87,37.66,150.44,162.15,257.23,46.99
1/15/2019,152.95,55.73,48.6,256.49,37.54,149.61,162.91,260.26,47.07
1/16/2019,155,55.27,48.13,251.7,37.67,149.06,163.03,260.92,47.41
1/17/2019,155.67,54.82,48.12,255.33,38.25,151.4,161.29,262.95,47.75
1/18/2019,156.6,55.27,49.28,260.82,38.61,156.92,167.22,266.54,49.19
1/22/2019,153.48,54.29,48.29,258.29,38.18,148.65,162.94,262.88,46.91
1/23/2019,153.9,51.73,47.94,257.52,37.67,149.29,161.63,263.29,46.4
1/24/2019,152.7,50.81,48.74,263.55,38.16,157.84,169.35,263.47,48.53
1/25/2019,157.84,51.3,47.02,267.94,38.63,159.9,172.2,265.72,49.6
1/28/2019,156.35,50.64,46.6,267.62,38.46,138,170.98,263.79,50.07
1/29/2019,154.51,49.4,46.5,266.32,38.47,131.7,168.02,263.34,50.44
1/30/2019,165.23,50.32,47.54,270.82,38.96,136.83,170,267.26,50.63
1/31/2019,166.44,49.52,47.12,268.25,39,143.4,172.76,270.09,50.82
2/1/2019,166.74,49.55,48.73,266.81,38.78,144.73,174.3,270.05,48.43
2/4/2019,171.18,49.69,49.21,272.12,38.93,149.06,174.6,271.95,49.29
2/5/2019,174.19,50.73,50.01,269.88,39.4,149.86,176.96,273.12,49.31
2/6/2019,174.25,51.1,49.9,276.21,39.92,153,182.12,272.78,48.89
2/7/2019,171.21,50.55,49.23,269.09,38.63,147.42,177.71,270.16,48
2/8/2019,170.41,50.29,48.84,274.06,38.7,148.4,174.97,270.4,48.1
2/11/2019,169.3,50.83,48.71,275.72,38.63,146.45,177.43,270.4,49.72
2/12/2019,170.74,51.66,50.01,279.39,39.03,151.17,181.41,274.01,50.26
2/13/2019,170.18,51.59,50.44,281.32,39,152.9,182.5,274.8,50.64
2/14/2019,170.79,51.57,50.81,281.5,38.89,154.8,182.68,274.38,51.02
2/15/2019,170.23,51.95,51.66,281.93,39.09,157.39,183.28,277.41,49.18
2/19/2019,170.93,52.01,51.4,281.66,39.53,156.74,183.53,277.74,52.06
2/20/2019,172.03,52.45,51.39,283.42,39.95,158.55,185.66,278.34,51.69
2/21/2019,171.06,52.35,51.41,280.94,39.62,155.9,183.49,277.52,51.95
2/22/2019,172.9,53,52.49,276.5,39.99,159.19,185.13,279.03,53.73
2/25/2019,174.23,52.99,53.1,278.6,40.14,158.69,188.56,279.52,51.92
2/26/2019,174.22,53.03,53.23,275,40.1,157.1,186,279.2,51.89
2/27/2019,174.87,53.04,53.31,271.49,40,155.41,182.56,279.4,52.38
2/28/2019,173.15,53.39,52.96,275.36,39.48,154.26,183.06,278.63,52.55
3/1/2019,174.89,54.2,53.3,272.75,39.53,156.45,184.66,280.47,53.41
3/4/2019,176,53.78,53.94,274.89,39.25,156.78,186.2,279.34,52.49
3/5/2019,175.53,53.88,53.68,277.01,39.28,156.52,184.8,279.07,52.19
3/6/2019,174.47,54.8,52.95,271.35,38.67,152.19,182.86,277.46,51.37
3/7/2019,172.5,54.03,52.6,265.51,38.05,149.26,179.97,275.12,50.36
3/8/2019,172.94,53.53,52.57,264.19,37.99,150.23,178.43,274.54,51.16
3/11/2019,178.91,54.35,53.35,269.06,38.62,161.16,183.24,278.39,53.62
3/12/2019,180.92,54.84,53.57,269.63,38.64,162.56,185,279.41,53.93
3/13/2019,181.72,55.39,54.37,271.21,38.8,168.6,186.24,281.33,54.71
3/14/2019,183.83,55.4,53.41,268.42,38.03,165.56,184.85,281.07,54.44
3/15/2019,186.1,56.6,54.37,290,38.07,169.82,189.68,281.22,53.71
3/18/2019,188.19,56.83,54.1,293.84,37.98,168.95,188.57,282.51,54.68
3/19/2019,186.39,56.97,54.17,299.31,38.28,175.71,191.71,282.29,55.45
3/20/2019,188.1,57.16,53.82,291.03,37,174.21,188.97,281.41,55.65
3/21/2019,195.4,57.77,54.64,296.8,37.35,183.94,195.06,284.49,54.81
3/22/2019,191.04,56.73,53.26,292.65,36.46,177.56,191.18,279.55,52.5
3/25/2019,188.68,56.64,52.78,292.16,36.75,173.65,187.5,279.01,51.72
3/26/2019,186.75,58,53.44,297.03,36.86,176.72,189.25,280.85,50.92
3/27/2019,188.53,56.91,53.16,295.97,36.61,176.5,185.96,279.74,51.19
3/28/2019,188.67,56.55,53.11,299.07,37.06,177.25,186,280.7,52.02
3/29/2019,189.78,57.03,53.7,300.71,37.11,179.56,189,282.55,52.84
4/1/2019,191.28,57.81,54.47,305.86,37.76,182.28,193.26,285.64,54.11
4/2/2019,194.15,58.09,54.36,303.05,37.81,182.78,194.07,285.84,53.9
4/3/2019,195.08,57.68,55.48,304.2,38.39,188.62,200.46,286.51,54.85
4/4/2019,195.68,57.86,55.89,302,38.79,188.26,199.03,287.31,55.38
4/5/2019,197,57.99,55.6,304.28,38.94,190.95,200.42,288.56,56.29
4/8/2019,200.12,57.76,55.68,304.48,39.04,191.79,199.84,288.78,57.08
4/9/2019,199.48,57.44,55.32,303.45,38.86,189.08,198.85,287.19,56.13
4/10/2019,200.66,56.98,55.75,307.51,39.25,192.23,200.72,288.33,60.77
4/11/2019,198.84,56.3,55.81,309.41,39.33,191.54,201.09,288.19,60.63
4/12/2019,198.9,56.95,56.42,317.03,39.71,190,202.4,290.11,60.18
4/15/2019,199.23,57.18,56.28,316.4,39.56,184.7,201.57,289.99,60.23
4/16/2019,199.53,70.63,56.71,318.5,39.66,188.21,204.5,290.22,60.51
4/17/2019,203.13,79.2,58.56,320.53,39.99,187.29,210.81,289.34,60.66
4/18/2019,203.86,79.91,58.49,318.62,40.3,186.3,211.91,290.04,59.85
4/22/2019,204.44,81.97,58.82,315,39.5,188.47,211.31,290.28,59.96
4/23/2019,207.46,86.6,58.71,315.64,39.83,190.49,213.6,292.95,61.62
4/24/2019,207.3,86.83,58.72,314.33,39.72,191.17,216.01,292.29,61.82
4/25/2019,205.23,85.07,55.14,311.82,39.11,186.91,212.27,292.04,61.25
4/26/2019,204.4,86.55,52.35,310.41,39.68,177.85,208.43,293.38,61.54
4/29/2019,204.4,87.15,51.05,312.72,40.01,179.33,210.17,293.77,61.84
4/30/2019,200.7,86.22,51.04,318.4,38.95,181,210.76,294.06,61.45
5/1/2019,210.67,86.5,50.71,318.9,38.75,180.5,213.11,291.74,60.87
5/2/2019,209.25,87.14,50.55,315.82,38.25,183.19,210.15,291.18,59.68
5/3/2019,211.92,89.26,51.8,315.71,38.8,183.01,212.16,294.01,61.76
5/6/2019,208.48,88.4,51.22,311.57,38.09,179.95,208.25,292.96,60.29
5/7/2019,203,85.2,50.52,307.29,38.53,173.2,204.97,288.28,61.69
5/8/2019,203.16,84.54,50.15,303.39,38.21,174,205.27,287.81,60.33
5/9/2019,200.72,83.78,46.69,304.06,37.58,170.19,198.45,286.79,58.92
5/10/2019,196.9,85.84,46.2,303.96,37.89,168.75,197.07,288.03,59.99
5/13/2019,185.65,83.89,44.76,293.83,36.56,158.4,192.36,280.97,58.4
5/14/2019,188.64,86.2,45.17,302,37.05,162.04,195.86,283.4,59.33
5/15/2019,191.02,86.26,45.62,304.37,37.38,159.58,198.6,284.98,59.86
5/16/2019,190.08,82.81,45.53,297.29,37.38,160.09,196.13,287.63,60.67
5/17/2019,188.89,81.5,44.89,289.89,37,156.64,192.97,285.88,58.38
5/20/2019,183.1,76.7,43.68,272.35,36.97,151.75,184.94,284.03,57.77
5/21/2019,186.56,77.75,44.53,275.33,37.13,154.99,186.89,286.45,58.94
5/22/2019,182.77,69.32,44,269,35.55,152.2,184.04,285.73,59.06
5/23/2019,179.66,68.26,44.53,260.09,35.13,147.32,178.15,282.03,57.33
5/24/2019,178.77,66.27,44.57,255.94,35.14,145.22,179.98,282.82,57.31
5/28/2019,178.23,65.4,43.57,254.48,34.84,143.33,178.15,280.41,58.35
5/29/2019,177.6,65.88,44.23,254.12,34.79,140.34,176.47,278.27,57.86
5/30/2019,178.28,66.59,44.6,256.62,34.82,139.11,179.15,279.04,59.64
5/31/2019,175.03,66.82,44.14,251.64,33.34,135.46,179.07,275.53,58.04
6/3/2019,173.17,66.66,43.46,253.73,33.69,133.78,178.69,274.67,58.75
6/4/2019,179.78,68.45,44.81,265.7,35.72,143,182.79,280.66,60.87
6/5/2019,182.59,67.02,44.53,265.72,35.84,141.23,183.22,282.98,60.93
6/6/2019,185.22,67.59,45.1,272.79,35.19,143.83,183.87,284.75,61.42
6/7/2019,190.15,68.64,46.08,274.87,35.45,145.54,187.64,287.39,62.53
6/10/2019,192.58,70.54,46.76,280.21,36.01,148.43,194.7,288.93,63.16
6/11/2019,194.81,71.24,46.85,283.48,36.2,150.6,193.41,288.84,64.25
6/12/2019,194.15,69.59,46.32,280.19,35.67,146.13,189.13,288.31,59.76
6/13/2019,194.26,69.93,46.7,284.5,36.02,148.26,189.08,289.58,62.15
6/14/2019,192.77,68.72,46.19,265.93,35.66,144.64,184.42,289.31,61.24
6/17/2019,193.87,69.11,46.13,265.97,36.15,144.81,184.18,289.48,60.94
6/18/2019,198.45,71.96,47.37,278.05,36.7,153.07,190.72,292.38,62.87
6/19/2019,197.91,71.83,47.07,277.49,36.78,153.12,191.11,293.09,62.78
6/20/2019,199.37,72.74,47.19,279.05,36.96,154.1,193.09,296,63.04
6/21/2019,198.91,72.98,47.35,273.99,36.93,151.76,191.95,294.34,62.91
6/24/2019,198.55,73.16,47.63,279.2,36.96,152.66,192.53,293.7,62.68
6/25/2019,195.77,72.55,46.85,276.51,37.7,151.48,191.87,290.93,61.76
6/26/2019,199.84,74.95,48.19,281.44,38.13,159.31,196.28,290.5,62.57
6/27/2019,199.65,75.43,47.46,285.71,38.32,163.53,197.42,291.73,65.47
6/28/2019,197.71,76.05,47.87,287.86,38.53,164.23,199.08,293.41,65.77
7/1/2019,201.5,77.52,48.05,300.35,38.76,166.17,203.45,295.5,66.64
7/2/2019,202.52,76.86,48.12,295.33,38.34,162.2,200.67,296.37,66
7/3/2019,204.41,76.63,48.52,284.89,38.16,162.75,199.22,298.8,66.39
7/5/2019,204.33,76.66,48.08,283.17,38.5,160,198.03,298.27,66.18
7/8/2019,200,76.63,47.82,274.96,38.23,157.21,197.03,296.97,66.7
7/9/2019,201.24,76.55,47.75,275.53,38.09,157.31,198.4,297.19,67.2
7/10/2019,203.23,74.36,48.21,274.5,38.1,160.06,200.8,298.68,65.87
7/11/2019,201.75,73.72,48.6,276.06,38.44,166.4,201.19,299.36,66.59
7/12/2019,203.3,74.9,49.92,285.39,39.22,167.7,203.68,300.65,65.87
7/15/2019,205.21,75.43,50.12,288.34,39.36,167.27,205.62,300.72,65.56
7/16/2019,204.32,75.67,49.17,284.13,39.52,167.08,204.68,299.76,65.22
7/17/2019,203.33,75.7,49.39,285.08,39.16,169.83,205.15,297.93,65.28
7/18/2019,205.64,74.37,49.94,289.78,39.12,170.28,205.37,298.9,65.4
7/19/2019,202.59,75,50.27,290,39.48,168.44,207.84,297.14,66.74
7/22/2019,207.17,75.95,51.35,296.15,39.86,171.32,211.05,297.83,66.66
7/23/2019,208.18,74.12,51.75,300.78,40.63,175.66,212.01,299.9,65.94
7/24/2019,208.65,75.87,52.96,303.77,40.88,178.66,219.59,301.31,65.95
7/25/2019,207.08,74.71,52.25,300.39,40.75,173.19,217.72,299.94,65.93
7/26/2019,207.75,75.22,51.59,300.92,40.77,175.07,217.5,301.94,64.64
7/29/2019,209.77,74.97,52.35,301.74,40.68,174.82,216.77,301.46,65.92
7/30/2019,208.6,74.81,51.7,299.56,40.43,175.45,216.14,300.73,65.75
7/31/2019,213.04,73,50.55,289.99,40.34,168.69,213.19,297.39,65.76
8/1/2019,208.43,71.22,49.5,285.34,40.15,164.92,213.99,294.86,66.83
8/2/2019,204.05,71.15,48.68,278.53,39.78,161.19,202.01,292.52,66.63
8/5/2019,193.12,68.8,46.98,267.66,39.01,150.65,194.07,284.09,62.01
8/6/2019,195.04,68,46.95,265.36,39.08,151.84,195.21,287.86,62.8
8/7/2019,199.24,69.4,46.72,270.05,39.39,150.33,195.73,288.32,63.87
8/8/2019,203.43,71.26,47.17,270.98,40.1,158.26,201.92,293.64,64.76
8/9/2019,201.15,71.5,46.04,275.73,39.67,154.18,198,291.66,63.5
8/12/2019,200.6,69.8,45.67,275.74,38.86,151.53,197.71,288.03,60.94
8/13/2019,209.01,72.18,46.84,283.7,39.02,156.05,202.53,292.47,62.19
8/14/2019,202.75,70.88,45.87,271.56,37.19,150.07,195.67,284.07,58.99
8/15/2019,201.69,71.16,45.7,268.64,36.47,149,196.13,284.84,59.26
8/16/2019,206.4,73.28,46.5,273.78,37,159.5,200.35,288.7,61.69
8/19/2019,210.3,74.87,47.23,278.78,37.36,170.95,205.41,292.26,63.07
8/20/2019,210.44,76,46.6,280.37,36.96,167.87,204.94,290.03,63.08
8/21/2019,212.62,76.64,47.15,287.5,37.13,171.23,206.18,292.51,63.87
8/22/2019,212.42,77.15,46.78,287.62,37.26,171.74,205.51,292.3,63.05
8/23/2019,202.75,73.52,44.96,272.13,36.06,162.44,197.45,285.13,60.99
8/26/2019,206.6,72.91,45.64,277.22,36.24,165.34,198.93,288.2,62.24
8/27/2019,204.1,73.97,45.77,275.57,35.9,161.7,198.13,286.45,61.86
8/28/2019,205.53,74.35,45.92,276.06,36.44,161.39,199.01,288.84,62.05
8/29/2019,208.85,76.45,46.87,283.37,36.91,167,204.09,292.6,62.49
8/30/2019,208.74,77.77,47.41,282.64,37.09,167.51,204.86,292.46,62.07
9/3/2019,205.63,75.12,46.98,274.05,36.91,164.17,201,290.65,60.97
9/4/2019,209.19,77.09,48.92,283.02,38.24,168.89,205.92,293.97,62.46
9/5/2019,213.28,78.99,50.06,291.02,38.73,179.74,213.98,297.59,62.83
9/6/2019,213.38,78.84,50.92,291.91,38.78,178.65,213.59,298.06,62.81
9/9/2019,214.16,78.29,51.6,292.61,39.59,180.5,216.24,298.03,62
9/10/2019,216.59,78.71,51.82,294.44,39.58,183.1,213.99,297.97,62.38
9/11/2019,223.46,79.9,52.79,298.01,39.46,184.33,218.16,300.24,63.31
9/12/2019,223.2,79.08,53.01,299.27,39.06,184.27,220,301.35,62.23
9/13/2019,218.75,78.41,52.52,290.1,38.86,181.94,219.52,301.11,63.7
9/16/2019,219.98,78.04,52.2,288.66,37.21,180.21,217.02,300.21,63.44
9/17/2019,220.73,78.69,51.95,288.83,38.28,181.07,217,300.93,65.82
9/18/2019,222.7,78.9,51.74,287.74,38.18,179.98,217.4,301.13,65.75
9/19/2019,220.96,78.23,51.57,290.64,37.78,176.94,218.44,301.14,67.07
9/20/2019,217.96,76.55,50.75,284.26,37.37,172.69,215.73,298.27,66.7
9/23/2019,218.78,77.24,50.9,285.46,37.24,175,215.49,298.35,67.31
9/24/2019,217.68,75.23,49.82,282.31,36.77,172.69,211.66,295.89,65.48
9/25/2019,221.22,77.27,51.02,275.77,37.11,178.23,211.28,297.66,67.1
9/26/2019,219.75,77.35,50.92,276.91,37.61,177.09,213.23,297.09,62.54
9/27/2019,218.82,76.63,50.78,274.14,37.42,171.76,212.17,295.52,58.46
9/30/2019,224.13,76.28,51.53,276.07,37.47,174.33,210.9,297.03,58.01
10/1/2019,224.4,75.47,50.76,274.85,36.11,174,210.72,293.24,56.28
10/2/2019,218.98,73.99,49.39,270.07,34.68,173.04,206.16,288.09,55.91
10/3/2019,220.81,75.65,50.03,274.43,35,181.5,207.77,290.46,57.17
10/4/2019,227.01,77.49,50.92,281.43,34.9,181.97,212.5,294.28,59.32
10/7/2019,227.03,76.34,50.62,276.08,34.65,184.33,213.97,293.05,56.96
10/8/2019,224.49,72.85,49.73,270.33,33.88,177.23,206.65,288.76,56.96
10/9/2019,226.92,74.35,50.4,273.15,34.14,180.63,208.93,290.94,56.2
10/10/2019,229.96,74.97,51.11,274.45,34.73,182.95,212.91,293.33,56.63
10/11/2019,235.9,76.7,51.99,280.91,35.57,185.99,216.33,295.95,56.82
10/14/2019,236,76.3,51.64,281.66,35.5,186.53,215.76,295.91,56.49
10/15/2019,235.32,77.74,52.65,290.32,36.26,196.27,220.53,298.95,55.88
10/16/2019,234.35,78.23,52.45,288.48,36.65,194.21,219.15,298.5,55.01
10/17/2019,235.46,78.97,51.86,289.43,36.3,194.29,217.25,299.2,55.25
10/18/2019,236.31,77.68,51.43,286.95,36.17,190.56,214.96,297.99,55.22
10/21/2019,240.42,78.98,52.13,289.57,35.93,196.19,219.33,299.98,56.34
10/22/2019,240.17,78.47,52.01,287.46,36.31,195.6,219.05,299.01,56.22
10/23/2019,243.18,77.24,51.72,280.32,36.61,195.09,214.58,299.86,55.28
10/24/2019,243.6,78.99,54.76,282.31,35.82,197.5,218.5,300.59,55.89
10/25/2019,246.61,80.17,56.48,289.82,36.74,204.51,223.37,301.63,52.66
10/28/2019,249.1,83.06,56.76,291.55,36.63,206.8,227.65,303.25,53.11
10/29/2019,243.38,81.66,56.34,288.16,38.21,202.92,226.43,303.17,53.29
10/30/2019,243.59,81.44,56.6,290.24,37.91,203,224.79,304.09,51.85
10/31/2019,248.8,80.44,56.53,292.85,37.16,201.02,223.31,303.45,51.79
11/1/2019,255.84,83.58,56.51,296.59,37.97,202.59,227.77,306.02,52.58
11/4/2019,257.4,85.09,57.61,305,38.39,210.5,232.82,307.39,53.06
11/5/2019,257.13,85.46,57.55,314.04,38.23,209.61,234.97,306.94,53.87
11/6/2019,257.24,84.55,57.6,313.16,38.42,207.63,231.52,307.11,53.36
11/7/2019,259.43,89.96,58.05,311.74,38.49,208.34,236.81,308.22,52.63
11/8/2019,260.05,94.07,58.27,313.41,38.67,207.6,233.98,308.92,51.97
11/11/2019,262.25,91.84,58.35,312.75,38.72,208.1,234.6,308.39,52.48
11/12/2019,261.96,90.97,58.2,315.53,38.59,209.95,236.58,308.89,52.97
11/13/2019,264.53,90.47,57.89,313.67,37.36,208.55,235.08,309.19,53.09
11/14/2019,262.61,90.6,57.54,308.97,36.8,209.7,233.16,309.56,52.54
11/15/2019,265.72,90.87,57.96,312.91,36.89,204.39,237.72,311.78,53.36
11/18/2019,266.99,90.48,58.25,311.07,36.62,212.35,236.93,312.03,53.15
11/19/2019,266.29,87.96,58.39,317.7,36.38,207.99,233.96,311.84,54.59
11/20/2019,262.83,85.52,57.9,311.67,35.32,211.18,234.6,310.73,54.32
11/21/2019,262.23,85.11,58.22,316.08,34.67,210,230.42,310.27,53.86
11/22/2019,261.81,84.89,57.61,314.92,35.33,210.82,230.01,311.08,54.38
11/25/2019,266.42,85.29,58.81,319.62,35.81,221.21,234.76,313.32,54.96
11/26/2019,264.95,84.63,58.9,316.27,35.91,217.36,234.13,314.07,55.09
11/27/2019,267.97,84.8,58.51,318.44,36.14,218.24,235.58,315.46,55.62
11/29/2019,267.25,83.55,58.05,316.21,36,216.74,234.84,314.5,55.24
12/2/2019,264.34,82.45,57.71,310.72,35.88,209.1,230.2,311.7,54.49
12/3/2019,259.52,80.58,56.07,306.52,35.53,207.66,224.51,309.46,53.26
12/4/2019,261.74,82.08,56.02,309.72,35.8,209.42,230.35,311.37,54.67
12/5/2019,265.44,82.59,56.08,311.19,35.31,208.68,230.67,311.96,54.41
12/6/2019,270.51,83.82,56.81,316.05,35.54,212.17,234.56,314.79,53.35
12/9/2019,266.9,84.99,56.53,314.38,35.38,212.17,234.59,313.83,53.2
12/10/2019,268.48,84,56.59,315.06,35.1,213.98,235.74,313.6,52.63
12/11/2019,270.9,86.99,57.07,319.72,35.24,217.34,237.85,314.41,53.88
12/12/2019,271.38,89.07,57.55,327.93,36.12,224.21,244.8,316.91,54.63
12/13/2019,275.15,87.83,57.79,315.42,35.65,223.99,244.98,317.33,55.06
12/16/2019,279.94,88.43,57.7,323.13,36.11,225.15,247.88,319.61,56.41
12/17/2019,280.35,88.32,57.3,323.8,36.31,228.29,246.49,319.55,56.02
12/18/2019,279.74,87.98,57.17,327.44,37.32,229.51,246.96,319.61,56.12
12/19/2019,280.03,88.49,57.96,324.1,37.26,235.54,247.81,320.98,57.05
12/20/2019,279.49,88.37,58.91,319,37.26,239.37,250.81,321.2,57.5
12/23/2019,284.02,88.45,59.23,319.53,36.77,238.82,252.25,321.24,57.31
12/24/2019,284.27,88.77,59.41,320.5,36.58,238.62,251.61,321.23,58.04
12/26/2019,289.93,88.4,59.82,317.98,36.48,239.27,253.2,322.87,58.84
12/27/2019,289.77,88.8,59.99,316.53,36.55,236.87,252.16,322.83,57.43
12/30/2019,291.61,88.47,59.6,313.46,36.44,232.32,249.81,321.3,55.66
12/31/2019,293.54,88.23,59.85,316.02,36.6,235.3,249.86,322.08,55.87
1/2/2020,300.42,88.69,60.84,322.39,37.38,239.91,253.81,324.72,57.24
1/3/2020,297.6,87.02,60.1,314.19,36.32,236.08,251.9,322.53,57.02
1/6/2020,299.81,86.51,59.97,313.98,35.84,237.06,249.25,323.74,55.83
1/7/2020,298.25,88.97,58.87,312.64,35.15,239.93,253.85,322.68,56.67
1/8/2020,303,88.71,58.97,308.74,34.65,240.3,252.6,324.62,56.7
1/9/2020,309.6,89.87,59.3,306.26,35.08,243.02,255.9,326.58,56.7
1/10/2020,310.36,90.26,58.94,299.22,34.65,244.32,255.58,325.62,56.5
1/13/2020,317,90.97,59.59,301.18,34.97,251.9,256.11,327.88,57.44
1/14/2020,312.51,90.56,59.43,308.18,35.15,247.3,256.26,327.62,58.78
1/15/2020,311.35,89.67,58.94,303.14,35.15,245.57,255.16,328.25,54.75
1/16/2020,315.25,91.79,59.64,307.05,35.55,248.85,257.18,330.83,53.92
1/17/2020,318.74,95.91,59.6,308.79,35.6,249.1,259.05,331.91,53.52
1/21/2020,316.55,94.6,60.55,308.07,34.99,247.94,260.03,331.39,51.55
1/22/2020,317.62,93,62.73,312.88,34.91,250.05,263.66,331.32,50.56
1/23/2020,319.3,92,65.51,319.65,34.88,253.97,261.8,331.71,52.02
1/24/2020,318.24,89.65,68.56,325.48,34.31,250.48,264.13,328.72,51.94
1/27/2020,308.81,87.05,65.69,309.03,33.41,240.2,251.5,323.51,50.49
1/28/2020,317.8,89.15,67.31,318.31,33.64,247.97,255.6,327.01,51.11
1/29/2020,324.2,88.23,66.33,317.51,33.6,245.54,253.45,326.75,50.9
1/30/2020,323.9,87.78,66.49,315.2,33.33,245.81,247.18,327.93,50.72
1/31/2020,309.57,85.31,63.95,305.16,33.39,236.49,245.12,321.87,49.58
2/3/2020,308.71,86.48,64.42,305.23,33.72,240.33,245.7,323.98,50.24
2/4/2020,318.77,88.93,65.46,311.6,34.37,247.13,252.16,329.06,52.67
2/5/2020,321.48,91.13,67.34,317.38,35.03,250.76,256.74,332.92,53.1
2/6/2020,325.29,90.61,67.09,319.69,34.33,254.25,257.31,333.93,52.65
2/7/2020,320.03,87.42,66.02,315.23,33.63,251.7,255.36,332.06,52.46
2/10/2020,321.48,88.6,66.39,314.2,34.25,263,253.41,334.58,52.75
2/11/2020,319.41,89.82,67.41,320.16,35.01,268.08,263.08,335.29,53.53
2/12/2020,327.1,91.72,67.49,324.7,35.49,272.54,265.02,337.49,56.12
2/13/2020,325.07,90.03,67.44,323.97,35.29,270.8,266.78,337.23,54.61
2/14/2020,325,89.6,67.27,317.77,34.76,289.79,267.2,337.59,55.26
2/18/2020,319,88.03,66.14,310.75,34.42,296.56,262.3,336.78,55.65
2/19/2020,323.56,90.56,67.11,315.35,34.92,315.2,267.53,338.58,57.39
2/20/2020,320.4,89.47,65.45,309.24,35.29,308.47,267,337.04,59.32
2/21/2020,313.08,87.03,64.34,304.5,34.65,294.06,259.05,333.72,50.65
2/24/2020,298.4,83.32,61.76,291.99,33.09,273.29,246.99,322.32,51.21
2/25/2020,288.42,80.42,59.73,282.68,31.75,262.05,241.91,313.01,48.57
2/26/2020,292.48,79.66,59.65,285.88,32.02,267.57,241.66,311.24,46.11
2/27/2020,274,75.98,55.92,273.95,30.71,252.6,230.58,298.54,44.25
2/28/2020,273.58,78.3,55.52,272.62,30.5,270.53,225.86,296.1,45.77
3/2/2020,298.28,80.56,58.18,284.97,31.43,276,232.66,308.9,44.95
3/3/2020,289.95,78.56,55.97,274.25,30.52,265.89,242.13,300.55,44.21
3/4/2020,302,81.8,58.68,285.45,31.53,284,236.22,312.2,45.48
3/5/2020,292.61,79.17,56.96,274.04,30.1,273.29,239.82,301.88,45.47
3/6/2020,288.87,77.47,55.77,269.45,28.69,266.04,232.14,296.87,43.37
3/9/2020,266.36,72.64,50.61,246.23,24.69,245.44,221.5,273.23,39.15
3/10/2020,285.33,78.89,53.85,262.9,27.12,261.08,214.99,288.78,41.08
3/11/2020,275.7,74.62,51.66,245.97,26,246,215.93,274.13,37.23
3/12/2020,249.1,66.88,45.6,218.78,23.04,215.99,193.89,248.17,36.56
3/13/2020,276.02,74.4,53.95,234.22,24.73,240.84,192.43,270.09,35.96
3/16/2020,243.83,64.96,45.32,187.59,21,196.91,194.81,241.51,31.66
3/17/2020,252.1,68.84,50.1,199.51,20.32,217.1,190.39,251.6,32.33
3/18/2020,246,61.19,47.95,168.07,16.86,202.82,179.81,238.93,30.25
3/19/2020,243.84,65,45.77,194.45,17.71,212.78,182.76,240.36,33.37
3/20/2020,229.35,61.25,46.15,192.22,18.14,205.75,187.26,230.31,33.69
3/23/2020,223.28,62.53,49.91,193.67,17.61,211.55,176.31,221.33,33.07
3/24/2020,245.27,65,52.3,212.76,21.11,248.64,201.3,242.58,33.71
3/25/2020,245.29,63.08,51.2,217.55,21.39,245.62,201.65,247.61,34.79
3/26/2020,257.38,68.98,55.21,243.17,22.53,257.24,209.7,260.98,37.52
3/27/2020,247.92,66.59,52.26,230.69,21.38,252.73,204.68,253.41,35.63
3/30/2020,254.4,69.03,55.42,240.11,21.31,265.57,207.69,261.1,36.06
3/31/2020,253.59,67.65,53.94,237.1,20.77,262.7,210.82,256.95,36.06
4/1/2020,240.94,65.9,51.88,224.6,19.25,243.07,199.92,245.76,33.44
4/2/2020,244.71,68.02,54.41,237.07,18.18,255.47,198.87,251.69,35.31
4/3/2020,241.65,65.23,54.13,234.26,17.98,243.91,196.2,248.22,34.38
4/6/2020,261.62,70.95,58.21,252.44,19.52,268.4,210.01,264.35,36.75
4/7/2020,259.45,72.73,58.4,253.27,21.22,259.03,220.91,265.19,37.35
4/8/2020,265.46,73.33,58.98,261.1,23.1,266.95,220.78,273.92,38.9
4/9/2020,267.97,72.43,57.16,254.3,24.05,262.95,224.4,278.06,40.45
4/13/2020,273,73.3,58.7,259.92,23.02,270.32,217.04,275.84,40.61
4/14/2020,286.75,77.55,60.66,267.63,22.96,283.95,228.65,283.78,42.12
4/15/2020,284.43,75.99,58.77,257.44,21.66,280.84,221.6,277.83,40.93
4/16/2020,286.74,76.85,60.79,256,20.86,294.7,229.79,279.14,40.15
4/17/2020,282.63,76.17,60.31,265.88,22.48,291.78,229.02,286.59,42.2
4/20/2020,277,74.31,59.05,259,22.38,287.05,230.38,281.83,41
4/21/2020,268.75,71.84,56.45,247.65,21.23,269.59,216.36,273.63,39.18
4/22/2020,275.7,74.68,60,259.97,21.29,286.15,224.6,278.99,40.23
4/23/2020,275.15,73.81,58.54,258.93,21.52,284.43,229.01,278.81,42.29
4/24/2020,282.81,75.8,59.22,264.81,21.95,289.59,227.05,283.19,40.84
4/27/2020,282.92,76.27,59.46,268.45,22.4,297.08,234.56,287.14,43.26
4/28/2020,278.7,75.29,58.81,264.73,22.18,291.4,235.15,285.97,41.77
4/29/2020,287.73,78.9,61.8,276.02,23.78,298.46,241.43,293.55,45.55
4/30/2020,293.55,78.83,59.98,271.62,22.27,292,237.19,289.88,44.01
5/1/2020,289.59,75.64,57.42,259.7,20.9,282.78,222.98,282.86,41.98
5/4/2020,293.39,75.68,58.05,262.26,20.75,291.29,223.9,283.48,43.4
5/5/2020,297.5,77.63,58.75,264.87,21.26,293.74,232.25,286.19,43.1
5/6/2020,300.65,78.87,59.24,264.18,21.9,298.04,234.18,283.95,43.12
5/7/2020,303.66,78.83,59.17,267.75,22.44,304.87,235.82,287.8,44.66
5/8/2020,310.07,80.56,59.67,275.03,23.93,312.5,239.74,292.85,44.16
5/11/2020,315.24,80.48,60.19,275.4,22.8,322.62,241.3,292.66,42.87
5/12/2020,311.83,78.32,58.37,269.44,22.56,312.1,241.36,286.41,40.35
5/13/2020,308,78.43,57.94,263.15,21.56,316.37,230.14,281.39,39.43
5/14/2020,309.49,79.87,58.76,266.6,22.31,321.65,227.26,285.13,39.79
5/15/2020,307.36,75.77,58.28,260.41,22.63,339.7,228.12,285.98,39.37
5/18/2020,314.96,79.94,59.92,273.53,24.81,349.98,240.31,295.06,42.37
5/19/2020,313.39,78.09,60.29,271.95,24.68,352.75,245.27,291.95,43.23
5/20/2020,319.03,80.63,63.1,278.68,25.48,359.54,250.64,297.12,43.94
5/21/2020,317.03,78,61.98,274.8,25.8,350.92,245.69,294.9,43.76
5/22/2020,318.74,78.7,62.26,276.65,25.98,360.66,242.96,295.49,43.47
5/26/2020,317.09,78.1,62.34,282.02,27.4,349.46,249.37,299.39,46.56
5/27/2020,317.94,79.29,63.62,287.59,27.79,340.9,243.68,303.35,46.61
5/28/2020,318.89,78.33,61.86,283.14,26.68,339,251.21,303.44,45.46
5/29/2020,318.4,80.88,62.93,291.27,26.02,354.9,247.73,304.75,46.62
6/1/2020,321.58,79.69,61.9,290,26.94,352.25,250.08,305.33,47.71
6/2/2020,323.34,84.63,61.8,298.06,27.41,353.01,251.06,308.01,47.87
6/3/2020,324.97,84.11,61.93,309.53,29.07,350.45,263.09,312.1,49
6/4/2020,322.02,86.04,63,308.88,29.16,349.6,265.48,311.31,49.47
6/5/2020,331.25,88.76,64.34,316.32,30.6,356.75,274.46,319.36,51.74
6/8/2020,333.42,91.46,63.55,317.52,30.68,352.2,270.46,323.12,52.98
6/9/2020,343.98,89.85,63.04,315.32,29.86,362.22,271.3,320.9,52.5
6/10/2020,352.7,91.01,63.67,315.04,28.75,374.7,273.79,319.2,51.81
6/11/2020,336.9,83.91,59.99,293.75,26.5,351.66,262.86,301.52,50.08
6/12/2020,338.9,85.24,59.2,300.25,27.96,357.88,260.14,304.44,49.23
6/15/2020,343.15,86.39,60.1,304.09,27.77,366.95,256.23,307.21,49.6
6/16/2020,352.3,89.52,60.4,310.72,27.78,362.43,266.66,312.68,51.48
6/17/2020,351.42,89.94,60.49,313.44,27.16,369.44,269.74,311.71,51.29
6/18/2020,351.88,89.92,59.97,318.71,27.09,368.72,268.97,311.69,50.67
6/19/2020,349.56,88.62,59.61,303.81,26.59,370,270.67,308.12,51.27
6/22/2020,359.21,89.01,60.09,313.5,26.37,381,267.49,310.82,49.83
6/23/2020,366.79,89.35,60.06,311.3,26.25,378,272.71,312.34,52.05
6/24/2020,360.4,89.28,59.08,306.97,25.28,370.7,263.07,304.67,48.81
6/25/2020,364.59,88.96,58.51,308.85,25.23,379.6,262.65,307.37,49.8
6/26/2020,354.4,87.94,57.62,307.41,24.46,366.42,262.79,300.76,49.42
6/29/2020,361.5,89.01,58.28,309.78,25.3,368,262.25,304.63,49.82
6/30/2020,364.46,91.21,59.76,315.61,25.3,379.91,270.86,308.45,49.56
7/1/2020,364,89.78,58.81,312.73,24.96,381.2,268.81,310.31,49.09
7/2/2020,364.28,91.87,59.13,315.47,25.24,384.13,271.54,312.27,49.88
7/6/2020,373.56,92.92,59.54,318.79,25.73,393.57,278.45,316.8,53.41
7/7/2020,372.45,92.14,58.15,313.12,25.13,394.87,277.65,313.81,53.16
7/8/2020,381.37,93.53,58.61,319.57,24.94,408.64,276.44,315.95,58.06
7/9/2020,382.91,93.25,58.42,321.5,23.42,420.69,276.78,314.3,57.2
7/10/2020,383.45,92.51,59.53,319.44,24.39,419.19,280.9,317.71,57.49
7/13/2020,382.82,91.33,58.58,311.31,24.86,402.09,285.62,314.91,56.21
7/14/2020,388.44,92.38,58.98,315.08,25.64,415.89,277.66,318.73,61.78
7/15/2020,390.9,92.55,59.03,313.78,26.88,408.5,276.47,321.87,60.98
7/16/2020,385.07,91.2,59.29,311.34,26.95,404.4,277.9,320.87,59.03
7/17/2020,385.4,92.23,60,312.71,26.45,408.06,281.62,321.81,61
7/20/2020,393.54,93.17,61.15,317.13,26.01,420.43,283.14,324.48,62.16
7/21/2020,388,92.31,60.7,314.34,26.15,413.14,284.74,325.04,60.74
7/22/2020,389.01,92.6,61.05,313.8,26.3,417.55,285.5,326.74,61.15
7/23/2020,371.61,89.67,58.01,309.67,26.76,406,286.67,322.84,62.5
7/24/2020,370.54,88.89,50.47,305.79,26.25,407.78,280.73,320.77,62.16
7/27/2020,379.24,92.7,49.55,312.68,25.7,416.86,283.67,323.18,62.26
7/28/2020,373.45,91.45,49.28,307.35,26.33,409.31,282.14,321.18,59.68
7/29/2020,380.16,93.02,48.07,308.85,25.89,418.9,284.04,324.83,60.11
7/30/2020,384.5,106.94,47.95,312.1,25.2,424.56,289.08,323.79,59.7
7/31/2020,425.2,105.61,47.75,316.75,24.89,423.95,288.88,326.38,59.55
8/3/2020,435.48,109.7,48.3,321.23,25.64,440.58,295.67,328.62,60.84
8/4/2020,438.64,110.61,49.05,326.88,25.8,448.25,298.03,330,64.04
8/5/2020,440.05,111.39,48.91,329.54,26.33,451.76,299.02,332.1,65.76
8/6/2020,455.31,111.06,48.59,329.16,26.62,453.42,297.34,334.29,64.46
8/7/2020,444.64,108.25,48.03,325.93,26.72,447.98,296.75,334.47,72.93
8/10/2020,450.75,106.36,49.22,327.36,27.98,446.75,294.86,335.58,72.5
8/11/2020,437.24,108.52,48.22,324.03,28.52,433.99,296.02,332.55,70.19
8/12/2020,451.8,115.7,49.15,332.84,28.03,457.61,301.04,337.05,73.55
8/13/2020,460,113.41,48.65,329.14,27.55,457.72,301.02,336.76,75.71
8/14/2020,459.35,113.5,48.89,327.82,27.86,463,299.43,336.52,74.31
8/17/2020,458.43,112.18,48.93,330.32,30.01,493,302.78,337.81,73.61
8/18/2020,462.25,112.03,48.65,328.64,29.85,490.43,301.64,338.48,74.41
8/19/2020,463,111,48.33,329.21,29.83,485.54,301.61,337.03,75.85
8/20/2020,473.2,110.66,49.22,328.83,28.83,485.62,296.66,338.34,73.66
8/21/2020,498.1,113,49.24,330.02,28.56,507.3,296.49,339.5,74.1
8/24/2020,503.46,115.71,49.09,334,30.26,508.84,300.7,342.7,76.58
8/25/2020,499.5,115.95,49.43,336.14,29.69,510,302.88,344.14,77.37
8/26/2020,506.37,116.15,49.55,339.67,29.48,510.92,305.86,347.48,78.19
8/27/2020,500.21,116.02,49.4,339.14,29.85,505.13,303.79,348.37,77.61
8/28/2020,499.76,118.2,50.5,344.82,30.02,525.78,305.1,350.53,80
8/31/2020,129.44,119.1,50.92,347.15,29.63,535,306.9,349.75,76.59
9/1/2020,134.6,122.01,50.79,359.54,29.79,552.84,311.94,352.58,78.42
9/2/2020,131.62,123.18,52.25,375.01,30.96,573.86,318.74,357.76,77.45
9/3/2020,120.94,116.46,50.52,353.51,29.49,520.62,307.59,346.28,72.5
9/4/2020,120.99,115.97,50.08,362.95,30,504.6,298.33,342.57,72.06
9/8/2020,113,109.77,49,350.54,32.38,476.01,292,333.87,69.37
9/9/2020,116.9,114.02,49.57,360.03,31.95,507.07,294.69,339.12,71.7
9/10/2020,113.42,112.44,49,357.08,30.17,492.13,296.05,333.89,69.89
9/11/2020,112.17,113.42,49.28,359.7,30.46,486.06,292.48,334.18,69.91
9/14/2020,115.36,113.46,49.41,362.2,31.27,514.89,297.84,338.45,71.46
9/15/2020,115.58,116.77,50,366.91,31.58,519.5,302.56,340.49,72.89
9/16/2020,112.08,114.56,50.37,367.04,31.79,501.13,302.92,338.87,71.96
9/17/2020,110.45,114.88,50.26,365.92,31.92,499,295.76,336.4,64
9/18/2020,106.91,110.7,49.95,359.73,31.5,487.51,295.16,330.65,61.75
9/21/2020,110.15,111.92,49.8,351.79,30,500.69,291.53,327.26,61.47
9/22/2020,111.8,113.82,49.95,361.59,29.44,505.51,292.94,330.24,61.55
9/23/2020,107.25,110.57,48.81,351.59,29.21,484.98,293.67,322.85,62.02
9/24/2020,108.25,112.19,49.16,352.52,29.11,493.47,293.4,323.69,61.3
9/25/2020,112.31,114.5,49.93,356.8,29,514.95,291.55,328.39,63.05
9/28/2020,115.03,118.54,51.45,367.3,29.58,521.4,300.1,334,65.37
9/29/2020,114.11,117.38,51.19,364.26,28.74,529.03,304.21,332.66,65.76
9/30/2020,115.56,117.54,51.75,364.32,29.59,541.67,306.26,333.46,66.08
10/1/2020,116.85,119.5,52.24,368.6,30.38,544.58,309.57,336.95,68.57
10/2/2020,113.14,115.41,51.02,356.83,30.46,522.58,302.99,333.91,67.24
10/5/2020,116.45,120.21,51.69,366.1,30.9,544.51,309.77,339.5,71.5
10/6/2020,113.16,119.54,51.37,363.98,30.4,549,313.17,335.24,73.44
10/7/2020,115.08,123.03,52.67,366.74,31.62,558.23,315.16,340.55,78.71
10/8/2020,114.97,122.34,53.37,373.33,32.21,553.54,319.23,343.68,77.12
10/9/2020,116.99,124.87,52.85,376.7,32.16,550.55,325.49,346.88,78.81
10/12/2020,124.49,126.69,53.88,383.43,32.21,569.04,328.81,352.37,79.83
10/13/2020,121.2,127.46,53.83,381.49,31.87,570.34,330.95,350.29,82.93
10/14/2020,121.23,129.88,53.53,380.3,31.67,563.81,327.53,347.93,83.72
10/15/2020,120.67,128.58,53.85,379.93,32.65,558.8,324.83,347.52,82.28
10/16/2020,119.1,129.03,54.16,378.56,33.45,552.74,326.84,347.15,84.18
10/19/2020,116.16,128.42,54.65,375.77,33.35,539.91,326.39,342.43,83.43
10/20/2020,117.41,127.98,53.37,376.99,35.6,545.36,325.13,342.92,84.3
10/21/2020,116.98,128.55,53.5,372.05,35.77,540.99,322.44,343.17,81.6
10/22/2020,115.79,128.49,52.61,373.37,37.41,534.44,319.68,344.67,82.65
10/23/2020,115,128.89,48.11,372.72,36.9,543.61,317.48,345.3,85.37
10/26/2020,115.19,126.2,46.64,363.93,35.82,525.83,312.09,339.56,84.29
10/27/2020,116.6,125.91,45.64,359.6,34.89,535.87,313.67,338.31,82.39
10/28/2020,111.43,121.58,44.28,347.21,34.03,505.08,303.21,326.81,93.31
10/29/2020,115.3,126.44,44.18,355.01,34.8,520.96,307.3,329.96,87.44
10/30/2020,109.07,123.36,44.38,349.63,34.6,502.06,302.57,327.14,87.05
11/2/2020,108.77,123.97,44.43,351.25,34.55,503.23,308.19,330.3,88.89
11/3/2020,110.3,125.45,44.81,353.76,35.33,520.45,314.41,335.54,87.24
11/4/2020,114.97,128.97,45.7,364.63,35.3,551.3,320.6,343.57,79.78
11/5/2020,119.1,145.45,45.68,380.87,37.15,566.35,335.95,350.24,86.9
11/6/2020,118.61,145.01,45.38,380.62,37.47,582.48,339.76,350.26,88.27
11/9/2020,116.32,142.61,45.6,375.54,38.81,545.23,351.32,354.71,86.11
11/10/2020,116.19,140.11,45.44,363.13,41.08,510.8,330.99,354.53,80.75
11/11/2020,119.52,147.85,46.35,375.92,40.64,536.72,337.37,356.79,84.2
11/12/2020,119.28,143.91,44.97,370.2,39.32,538.27,340.75,353.62,81.4
11/13/2020,119.29,144.26,45.46,373.5,41.19,531.88,339.9,358.13,79.95
11/16/2020,120.3,149.07,46.19,380.81,42.13,540.61,348.59,362.57,80.21
11/17/2020,119.4,148.74,45.53,380.6,41.93,537.2,347.28,360.75,81.48
11/18/2020,118.12,147.05,45.06,380.62,42.72,537.15,346.98,356.74,81.99
11/19/2020,118.85,147.53,45.62,384.33,42.82,537.61,344.7,357.96,84.06
11/20/2020,117.37,146.03,45.39,383.33,43.04,523.51,351.35,355.03,84.69
11/23/2020,114.05,143.82,46.06,387,44.77,526,351.18,357.45,86.92
11/24/2020,115.13,145.93,47.01,392.23,46.46,518.74,352.48,363.26,90.41
11/25/2020,116.09,144.08,47.05,390.83,45.46,529,352.64,362.64,92.45
11/27/2020,116.46,143.83,47.6,394.95,45.06,530.45,358.84,363.7,94.7
11/30/2020,119.58,146.78,48.35,401.58,43.84,536.06,355.8,362.62,93.43
12/1/2020,122.73,151.26,49.6,404.57,44.68,535.6,367,365.9,91
12/2/2020,123.11,149.98,49.92,403.73,44.58,541.85,370.16,366.83,89.87
12/3/2020,122.81,149.91,50.99,399.8,44.09,535,371.37,366.39,91.2
12/4/2020,122.25,157.62,51.99,411.68,44.4,541.91,375.1,369.88,90.25
12/7/2020,123.6,158,50.4,420.89,44.31,544.27,379.59,369,89.99
12/8/2020,124.36,158.63,50.69,423.41,43.8,534.05,380.76,370.29,89.95
12/9/2020,121.61,156.02,50.01,416.22,44.43,518.1,382.07,366.54,89.65
12/10/2020,123.34,155.75,50.27,410.04,42.87,518.89,373.94,366.76,87.57
12/11/2020,122.35,144.28,49.73,405.82,41.92,520.53,367.17,365.91,86.97
12/14/2020,121.73,146.29,50.47,411.8,41.62,532.35,370.43,364.88,86.8
12/15/2020,127.79,148.36,50.67,418.06,41.66,534.42,375.8,369.21,88.44
12/16/2020,127.75,149.74,51.12,424.9,41.42,529.7,375.17,370.32,91.55
12/17/2020,128.65,149.53,50.65,426.1,41.97,533.08,376.16,372.34,91.34
12/18/2020,126.66,147.42,47.45,434.56,41.01,529,377.23,369.42,94.68
12/21/2020,128.35,146.8,46.36,428.88,41.21,533.29,368.61,367.44,94
12/22/2020,131.74,146.34,46.17,433.74,40.9,531.13,371.78,367.21,105.36
12/23/2020,130.99,146.96,46.57,425.46,42.45,520.37,372.73,367.67,104.23
12/24/2020,131.9,148.79,47.07,431.46,41.58,519.75,371.39,368.93,102.68
12/28/2020,136.69,147.74,47.07,431.88,41.68,516,375.11,371.97,102.23
12/29/2020,134.8,148.49,49.36,429.04,41.57,517.85,371.25,371.48,97.3
12/30/2020,133.7,149.95,48.75,434.83,41.84,525.83,377.22,371.58,100.81
12/31/2020,132.8,152.34,49.82,437.85,41.64,522.2,379.37,374.54,99.81
1/4/2021,129.56,148.5,49.67,425.22,40.51,524.54,383.04,368.92,101.24
1/5/2021,131.08,152.43,50.61,428.1,41.66,536.4,382.14,371.28,92.16
1/6/2021,126.4,150.5,51.1,425.54,42.98,504.64,386.8,372.91,99.69
1/7/2021,130.86,155.7,52.18,443.39,43.32,533.56,396.48,379.08,105.5
1/8/2021,132.06,156.64,51.65,445.64,43.06,531.07,401.82,381.51,104.1
1/11/2021,129,156.11,51.71,445.76,45.01,544.5,403.5,379.26,103.76
1/12/2021,128.82,154.45,53.24,449.39,47.82,539.39,406.02,378.83,104.32
1/13/2021,130.91,157.42,56.95,451.21,48.73,541.27,407.17,379.79,104.18
1/14/2021,129,161.1,59.1,452.07,51.53,527.56,417.6,378.49,106.04
1/15/2021,127.1,157.09,57.58,445.85,49.97,515.43,405.59,375.2,96.58
1/19/2021,127.77,163.77,57.98,459.27,54.93,521.01,414.68,378.44,100.24
1/20/2021,132.03,164.6,58.67,461.88,55.92,534.63,420.98,383.61,101.75
1/21/2021,136.9,164.75,62.2,466.82,55.08,554.7,421.32,384.18,107.53
1/22/2021,139.2,162.42,56.68,465.02,55.5,548.5,419.51,382.78,106.67
1/25/2021,142.93,164.4,55.42,464.79,53.39,546.13,415.74,384.59,104.94
1/26/2021,143.25,162.55,55.21,463.87,51.92,537.41,415.58,383.9,104.69
1/27/2021,142.4,153.67,53.59,444.7,49.34,518,400.21,375.09,102.81
1/28/2021,136.67,155.55,56.07,451.74,51.24,522.04,398.47,377.23,105.11
1/29/2021,132.06,156.28,55.51,450.5,50.68,519.59,399.71,370.8,99.15
2/1/2021,134.14,161.58,56.69,466.74,51.4,529.48,397.93,375.87,98.31
2/2/2021,134.91,164.78,58,476.88,52.72,542.27,408.77,381.08,97.29
2/3/2021,133.95,162.3,57.68,465.19,54.25,541.22,408.58,382.17,98.94
2/4/2021,137.31,147.76,58.79,470.63,54.13,546.57,404.81,386.1,98.59
2/5/2021,136.7,145.87,58.18,466.01,54.39,543.64,406.87,387.76,97.4
2/8/2021,136.75,147.38,59.16,472.7,56.88,577.55,413.28,390.46,100.33
2/9/2021,136.02,146.11,58.78,474.63,56.06,570.53,418.55,390.46,101.85
2/10/2021,135.25,145.5,58.86,470.05,54.88,590.33,416.08,390.22,99.88
2/11/2021,135.13,145.56,60.7,478.39,53.49,610.8,425.52,390.67,99.59
2/12/2021,135.4,147.92,61.81,486.32,53.6,598.45,438,392.94,100.75
2/16/2021,133.15,147.16,62.47,489.13,53.46,613.21,442.4,392.39,98.71
2/17/2021,130.75,144.75,61.85,482.48,52.89,596.8,431.46,392.39,95.84
2/18/2021,129.68,143.91,61.61,483.26,52.16,593.16,424.65,390.95,91.38
2/19/2021,129.82,144.94,63.01,489.96,52.57,597.06,438.83,389.83,90.96
2/22/2021,126.1,139.34,60.89,476.36,51.98,574.23,429.39,387.27,86.61
2/23/2021,125.84,137.12,61.12,471.9,51.23,565.68,416.08,387.79,86.04
2/24/2021,125.38,141.1,63.19,480.88,52.9,580,417.17,391.79,88.03
2/25/2021,121.17,135.64,60.3,456.56,50.9,532.3,421.76,382.83,81.4
2/26/2021,121.79,136.19,60.78,469.87,51.33,548.58,413.27,380.48,81.02
3/1/2021,127.81,139.49,62.88,489.58,52.54,553.64,424.14,389.3,84.89
3/2/2021,125.2,137.04,61.06,480.51,54.11,536.25,423.25,386.65,83.19
3/3/2021,122.06,131.66,59.9,463.06,52.67,513,413.46,381.34,79.35
3/4/2021,120,127.92,58.52,445.33,51.83,494.81,397.39,377.12,75.36
3/5/2021,121.4,129.75,60.74,450.14,53,498.46,380.81,383.82,73.7
3/8/2021,116.36,123.2,59.67,421.25,54.98,463.73,393.97,381.73,71.45
3/9/2021,121.03,129.11,62.67,443.6,54.65,500.37,392.34,387.09,76.67
3/10/2021,119.93,127.87,62.25,437.59,56.83,498.66,396.77,389.61,75.72
3/11/2021,121.9,131.74,63.31,453.69,56.33,519.74,405.58,393.34,81.02
3/12/2021,121.03,129.98,62.9,451.17,59.23,514.24,397.33,394.18,81.95
3/15/2021,124.01,131.64,63.96,470.77,57.94,527.65,406.2,396.5,82.53
3/16/2021,125.61,133.65,64.78,478.18,57.12,531.65,421.99,395.89,82.46
3/17/2021,124.75,133.92,65.99,483.59,60.05,533.65,412.63,397.3,80.14
3/18/2021,120.43,129.75,63.73,464.15,59.27,508.9,414.23,391.61,77.61
3/19/2021,120.03,131.27,63.76,473.22,59.82,513.83,409.97,389.82,79.97
3/22/2021,123.39,134.09,65.63,475.28,58.1,527.45,419.33,392.83,81.83
3/23/2021,122.55,132.52,63.48,464.06,56.16,522.83,412.41,389.62,80.52
3/24/2021,120.08,127.16,61.94,457.27,55.81,505.72,410.78,387.39,80.72
3/25/2021,120.54,127.28,62.02,461.7,56.6,501.41,397.05,389.65,80.73
3/26/2021,121.31,133.3,65,482.04,56.52,513.57,412.55,395.88,85.69
3/29/2021,121.21,130.9,64.5,472.62,55.94,517.93,414.14,395.64,81.61
3/30/2021,119.8,130.31,63.78,456.16,58.6,514.87,411.3,394.53,86.53
3/31/2021,122.15,132.59,64,463.66,57.46,534.4,422.06,396.62,87.3
4/1/2021,122.96,137.79,64.55,475.95,57.8,552.47,434.14,400.82,86.15
4/5/2021,125.9,140.51,66.54,488.48,61.04,558.8,446.46,406.16,83.12
4/6/2021,126.1,138.06,65.56,483.87,61.86,554.39,448.01,406.07,84.21
4/7/2021,127.83,139.43,66.25,482.46,60.83,565.27,440.92,406.64,81
4/8/2021,130.39,140.34,67.05,485.48,60.1,573.75,445.7,408.72,81.19
4/9/2021,132.92,140.26,68.26,485.09,60.16,576,446.35,411.54,79.61
4/12/2021,131.27,137.44,65.41,483.67,59.66,608.36,441.22,411.89,78.75
4/13/2021,134.44,137.3,65.22,484.96,58.49,626.92,438.36,412.87,78.99
4/14/2021,132.2,134.25,64.19,477.3,58.49,611.08,440.59,411.84,78.57
4/15/2021,134.4,137.84,65.02,480.01,58.61,644.99,441.56,415.8,77.17
4/16/2021,134.12,138.21,64.75,478.79,58.71,636.29,443.07,417.1,79
4/19/2021,134.84,135.25,63.63,462,57.88,614.47,429.68,415.23,80.21
4/20/2021,132.94,133.4,62.7,457.26,55.77,606.85,423.78,411.89,79.36
4/21/2021,133.4,136.19,63.65,459.79,57.49,614,430.21,415.75,83.65
4/22/2021,131.94,132.97,62.39,455.11,56.66,594.01,431.37,412.41,87.15
4/23/2021,134.29,135.32,59.18,466.13,57.53,610.74,432.52,416.6,88.56
4/26/2021,134.67,138.51,58.74,471.85,58.21,619.12,440.46,417.73,89.79
4/27/2021,134.36,138.01,57.97,466.35,58.97,615.27,438.12,417.69,89.69
4/28/2021,133.67,142.21,57.62,459.2,58.55,611.07,431.42,417.35,88.7
4/29/2021,133.32,142.21,58.28,466.29,56.57,612.99,429.23,419.79,87.29
4/30/2021,131.45,138.8,57.51,456.2,57.22,600.38,426.57,417.58,76.53
5/3/2021,132.49,137.43,57.26,450.14,57.15,593.47,416.72,418.18,75.77
5/4/2021,127.83,134.12,56.9,444.54,55.34,574,404.27,415.27,73.82
5/5/2021,128.1,134.65,56.85,443.83,57.58,578.3,418.21,415.48,74.39
5/6/2021,129.74,136,57.19,448.58,58.72,580.92,415.15,419.15,73.63
5/7/2021,130.14,137.85,57.67,452.58,58.99,592.13,423.46,422.19,74.62
5/10/2021,126.85,128.91,55.97,436.1,57.41,570.5,410.24,417.8,72.19
5/11/2021,125.91,128.37,55.04,440.07,55.7,572.25,400.53,414.62,71.89
5/12/2021,122.96,124.62,53.6,422.38,53.76,550.34,389.58,405.95,69.73
5/13/2021,124.95,127.11,54.01,430.6,54.6,546.61,390.91,410.09,69.57
5/14/2021,127.41,130.15,55.35,441.62,56,569.72,402.71,416.83,72.58
5/17/2021,126.21,129.8,55.33,439.94,56.04,566.62,397.51,415.42,71.55
5/18/2021,124.93,128.91,54.84,433.74,55.89,560.63,402.03,411.94,72.39
5/19/2021,124.79,130.66,55.36,441.72,55.53,562.63,399.69,410.99,74.24
5/20/2021,127.3,132.64,55.95,455,55.51,584.5,415.32,415.07,76.64
5/21/2021,125.43,131.46,56.1,451.24,56.72,600,413.8,415.38,75.93
5/24/2021,127.1,132.91,56.96,459.19,56.6,624.4,423.58,419.22,75.38
5/25/2021,126.98,133.75,56.87,459.54,56.76,625.91,425.9,418.2,74.8
5/26/2021,126.87,133.09,56.92,460.49,58.08,628.49,424.98,418.95,77.53
5/27/2021,125.28,133.64,57.88,468.34,59.77,619.52,430.35,419.58,76.93
5/28/2021,124.71,134.54,57.02,472.33,59.31,650.5,434.25,420.17,76.11
6/1/2021,124.23,134.32,56.89,468.31,59.65,650.06,431.69,419.58,76.16
6/2/2021,125.06,133.82,57.48,474.3,59.65,671.13,435.18,420.29,77.25
6/3/2021,123.53,131.78,56.24,464.8,63.51,678.55,429.35,418.77,76.44
6/4/2021,125.87,134.34,57.37,475,63.37,703.13,435.06,422.36,76.59
6/7/2021,125.97,133.32,57.09,463.78,63.23,704.1,432.66,422.25,75.08
6/8/2021,126.74,134.1,56.9,463.53,63.92,698.28,430.25,422.29,74.59
6/9/2021,127.1,132.89,57,463.93,62.77,694.33,430.4,421.67,77.8
6/10/2021,126.04,134.22,57.38,468.67,61.34,697,431.83,423.72,79.8
6/11/2021,127.29,134.62,57.85,470.7,61.49,713.01,433.86,424.26,80.52
6/14/2021,130.4,137.31,58.19,475.83,60.79,720.87,438.09,425.37,78.54
6/15/2021,129.69,135.58,57.99,470.74,60.81,711.54,439.55,424.49,75.91
6/16/2021,130.16,134.95,57.22,465.75,61.76,712.41,438.59,422.32,77.86
6/17/2021,131.75,135.35,57.18,471.17,60.08,746.29,439.13,422.07,78.12
6/18/2021,130.4,133,55.63,463.5,58.76,745.98,428.94,414.54,77.5
6/21/2021,132.3,133.96,55.87,464.61,59.3,737.29,429.02,420.87,77.6
6/22/2021,133.98,135.08,55.87,464.45,59.34,755.56,432.52,422.96,78.27
6/23/2021,133.71,135.52,55.28,466.66,60.12,762.29,435.74,422.84,79.71
6/24/2021,133.41,137.92,56.07,470.06,60.04,768.22,441.42,425.03,86.17
6/25/2021,133.22,137.65,55.91,462.2,60.3,761.24,442.67,426.81,88.35
6/28/2021,134.77,139.72,57.48,472.8,58.64,799.42,450.33,427.36,92.15
6/29/2021,136.33,142.62,56.76,477.15,58.83,801.07,453.25,427.79,92.3
6/30/2021,137.01,142.5,56.05,476.84,59.17,800.1,453.04,428.56,91.44
7/1/2021,137.32,140.8,56.01,469.64,59.11,808.48,448.18,430.44,90.17
7/2/2021,139.91,142.58,56.76,468.17,58.96,819.48,449.32,433.57,90.82
7/6/2021,141.97,141.19,56.09,473.28,57.71,827.94,449.09,432.62,91.19
7/7/2021,144.72,139.97,55.96,469.54,56.59,814.99,443.76,434.29,91.27
7/8/2021,143.12,138.29,55.48,470.5,56,796.11,438.52,430.65,89.91
7/9/2021,145.04,141.43,55.99,480.18,58.76,802.01,443.26,435.44,92.54
7/12/2021,144.44,142.47,56.73,485.75,58.97,820.5,448.37,437.14,94.29
7/13/2021,145.64,141.18,56.87,484.01,58.73,810,449.75,435.69,92.79
7/14/2021,149.15,143.75,56.52,481.59,58,793,445.7,436.41,90.04
7/15/2021,148.4,141.46,55.81,477.34,56.95,758.45,438,434.79,85.6
7/16/2021,146.36,139.71,54.98,468.07,55.46,726.44,432.2,431.61,83.49
7/19/2021,142.45,138.79,54.64,465.67,54.2,751,424.87,424.83,83.05
7/20/2021,146.05,139.55,55.24,468.59,56.15,186.12,431.66,430.99,82.68
7/21/2021,145.4,142.17,56.23,479.02,57.05,194.2,442,434.67,85.19
7/22/2021,146.78,142.44,58.34,476.33,55.64,196.1,442.08,435.61,83.68
7/23/2021,148.47,144.88,53.04,483.15,54.94,195.58,443.97,439.73,82.95
7/26/2021,148.97,143.5,54.36,482.24,55.77,192.94,444.33,441.09,81.35
7/27/2021,146.69,140.93,53.21,475.36,55,191.78,430.33,438.74,81.36
7/28/2021,145.1,145.09,53.07,477.65,55.49,195.03,444.01,438.67,83.48
7/29/2021,145.6,150.99,53.7,484.11,57.28,196.62,451.66,440.73,83.74
7/30/2021,145.91,150,53.75,485.4,56.84,194.99,452.87,438.9,86.78
8/2/2021,145.47,148.86,53.56,484.68,57.03,197.5,461.73,437.83,88.27
8/3/2021,147.36,147.95,54.06,486.79,57.92,198.25,462.04,440.75,92.34
8/4/2021,146.94,148.22,53.9,487.8,52.77,202.74,466.81,439.07,92.21
8/5/2021,147,146.83,53.89,487.67,54.44,206.37,467.88,441.61,91.62
8/6/2021,146.04,146.28,53.92,485.43,55.05,203.66,467.67,442.57,93.15
8/9/2021,146.09,146.92,54.05,484.68,53.95,202.95,467.01,442.29,94.71
8/10/2021,145.6,145.87,53.94,482.26,54.26,199.36,457.98,442.42,95.75
8/11/2021,145.86,146.68,54.14,483.55,54.27,196.99,453.69,443.7,95.91
8/12/2021,148.95,147.15,53.54,484.26,54.62,199.05,453.04,445.05,96.94
8/13/2021,149.1,148.64,53.49,486.16,53.65,201.89,454.34,445.85,96.6
8/16/2021,151.11,148.13,53.47,488.14,52.95,199.5,450.97,447.2,96.83
8/17/2021,150.1,144.58,52.69,478.69,50.57,194.58,442.71,443.7,93.51
8/18/2021,146.36,142.18,52.19,468.97,50.84,190.4,443.69,439.27,93.65
8/19/2021,146.65,140.61,52.44,473.53,49.08,198.09,444.19,439.99,92.99
8/20/2021,148.2,142.09,52.01,475.17,48.8,208.08,440.74,443.22,94.54
8/23/2021,149.75,144.14,53.23,482.45,48.18,219.46,457.48,447.4,96.04
8/24/2021,149.62,144.46,53.81,481.43,49.57,217.99,459.36,447.99,94.47
8/25/2021,148.36,143.87,53.81,483.41,49.7,222.13,462.2,449.01,93.63
8/26/2021,147.55,142.38,53.13,485.74,48.62,220.68,461.71,446.44,93.68
8/27/2021,148.51,144.85,53.89,495.94,49.8,226.41,469.38,450.25,94.44
8/30/2021,153.12,145.94,53.94,498.89,49.17,226.88,472.22,452.1,95.69
8/31/2021,151.9,146.69,54.06,497.21,49.01,224.06,469.24,451.92,94
9/1/2021,152.52,146.45,53.67,493.16,49.11,224.44,467.65,451.97,94.06
9/2/2021,153.68,145.12,53.73,491.9,48.95,223.96,467.86,453.29,94.87
9/3/2021,154.3,144.63,53.51,497.68,48.82,228.43,470.14,452.94,94.06
9/7/2021,156.69,143.75,53.65,496.59,48.72,226.62,468.49,451.46,94.48
9/8/2021,155.04,142.52,53.57,494.38,48.97,223.39,459.21,450.83,95.16
9/9/2021,154.15,141.58,53.4,493.49,48.42,221.77,466.52,449.03,98.89
9/10/2021,149,142.68,53.84,498.15,49.49,224.61,471.82,445.61,99.41
9/13/2021,149.49,143.41,54.99,498.96,50.82,221.52,468.91,446.84,106
9/14/2021,148.23,141.14,54.42,501.87,50.74,222.42,475.79,444.12,105.16
9/15/2021,149.03,138.24,55.09,509.74,51.82,223.41,472.26,447.76,104.7
9/16/2021,148.79,138.4,54.83,506.25,51.52,222.42,472.81,446.93,103.29
9/17/2021,146,133.6,54.26,506,51.33,218.82,468.54,440.87,104
9/20/2021,142.79,132.76,52.98,494.82,49.37,210.99,454.8,433.93,95.69
9/21/2021,143.42,131.75,52.87,490.99,49.37,212.46,460.76,433.58,95.01
9/22/2021,145.85,133.16,53.5,500.59,50.78,219.37,466.82,437.68,95.71
9/23/2021,146.83,133.91,54.03,504.3,51.92,224.82,474.82,443.12,94.04
9/24/2021,146.96,133.88,54.22,504.92,52.23,220.9,472.48,444.05,91.15
9/27/2021,145.39,133.19,54.66,504.85,53.24,216.6,470.21,442.52,95.56
9/28/2021,142.15,129.9,54.14,491.02,52.85,207.47,456.49,434.23,95.25
9/29/2021,142.83,129.28,53.49,489.48,52.93,205.17,447.04,434.57,94.07
9/30/2021,141.56,128.98,53.29,486.39,52.71,207.16,448.15,429.92,95.46
10/1/2021,142.39,128.71,53.86,488.49,53.13,206.86,443.83,434.26,96.57
10/4/2021,139.21,126.68,53.47,475.95,53.98,197.5,435.25,428.97,95.01
10/5/2021,140.99,127,53.95,485.42,54.34,204.51,442.45,433.01,95.6
10/6/2021,142,128.06,53.98,488.78,54.05,207.12,440.09,434.9,95.18
10/7/2021,143.13,127.84,54.18,493.92,56.44,210.73,454.01,438.6,97.52
10/8/2021,142.9,126.55,53.82,492.85,58.57,208,444.49,437.86,98.67
10/11/2021,142.82,124.94,53.44,492.34,58.09,206.85,447.22,434.44,102.29
10/12/2021,140.5,122.95,52.22,485.17,58.96,206.79,438.15,433.15,105.27
10/13/2021,140.86,125.07,52.26,485.01,57.77,209.39,438.83,435.15,106.02
10/14/2021,143.74,128.59,53.9,497.6,57.69,217.46,449.54,442.42,106.2
10/15/2021,144.88,130.2,54.46,503.25,58,218.69,452.6,445.82,105.11
10/18/2021,146.6,130.12,54.5,503.36,56.89,222.28,455.97,447.18,104.78
10/19/2021,148.73,132.5,55.21,510.39,56.85,222.9,462.6,450.76,108.28
10/20/2021,149.25,132.16,55.37,509.39,57.67,221.03,463.79,452.31,103.23
10/21/2021,149.58,133.05,53.58,514.15,58.41,226.92,463.29,453.65,106.29
10/22/2021,148.61,131.62,49.46,515.41,57.77,227.26,462.57,452.78,106.22
10/25/2021,148.52,131.93,49.41,522.07,57.76,231.66,465.66,455.49,109.04
10/26/2021,149.32,131.94,48.28,533.87,57.32,247.17,466.81,456.06,108.94
10/27/2021,148.93,131.2,47.9,523.11,54.39,244.36,466.21,454.1,110.23
10/28/2021,152.55,133.69,48.08,529.57,54.24,249.03,471.14,458.44,117.63
10/29/2021,149.8,133.04,49,531.67,54.43,255.3,472.29,459.18,119.59
11/1/2021,148.96,134.81,49.55,528.05,55.49,258.52,479.71,459.99,119.08
11/2/2021,150.02,135.23,49.86,537.07,55.59,264.01,486.73,461.77,119.69
11/3/2021,151.48,140.73,50.39,542.37,56,265.98,490.54,464.52,115.63
11/4/2021,150.93,156,50.27,548.62,58.64,297.85,504.88,466.76,115.74
11/5/2021,151.01,163.48,50.92,558.92,58.52,297.85,519.98,468.14,113.45
11/8/2021,150.33,165.85,51.55,558.95,59.6,308.04,520.45,468.77,113.97
11/9/2021,150.9,166.74,51.2,557.8,58.62,306.32,522.76,467.3,113.62
11/10/2021,148,159.8,50.74,548.77,59.27,294.5,516.99,463.61,113.86
11/11/2021,147.87,164.42,50.53,555.4,61.82,303.75,517.26,463.94,113.02
11/12/2021,149.99,164.94,50.31,563.22,63.4,303.9,522.33,467.25,112.75
11/15/2021,149.89,168.52,50.32,565.77,62.97,300.38,523.91,467.51,110.89
11/16/2021,151.03,181.81,50.61,568.77,62.61,301.85,525.32,469.05,112.28
11/17/2021,153.42,183.54,50.23,569.64,64.62,292.61,528.84,468.01,104.88
11/18/2021,157.87,186.32,49.68,574.81,62.33,317,532.25,469.95,102.37
11/19/2021,160.55,185.23,49.52,568.72,61.8,330.12,537.44,468.92,107.35
11/22/2021,161.05,181.4,49.83,553.28,64.06,319.5,546.79,467.26,112.05
11/23/2021,161.47,180.94,49.04,555.12,63.05,317.46,520.08,468.04,105.33
11/24/2021,161.93,180.71,49.76,558.73,62.19,326.81,526.02,469.44,105
11/26/2021,156.81,175.74,48.78,546.59,60.17,314.6,519.11,456.92,104.31
11/29/2021,160.28,183.74,50,564.34,59.86,333.57,529.01,464.75,105.76
11/30/2021,165.51,181.14,49.2,553.68,57.87,326.76,527.99,456.99,103.79
12/1/2021,164.75,175.63,48.52,554.76,58,314.35,544.54,450.9,101.64
12/2/2021,163.76,175.61,49.5,552.45,61.02,320.58,518.58,457.27,102.04
12/3/2021,161.82,176.51,49.25,558.12,59.71,307.3,522.55,453.46,97.64
12/6/2021,165,175.45,50.99,564.98,59.84,300.37,515.62,458.51,99.11
12/7/2021,171.18,183.72,52.52,590.4,61.53,324.32,546.87,468.43,101.2
12/8/2021,175.19,182.63,51.77,588.56,60.78,317.98,544.61,469.62,100.71
12/9/2021,174.3,182.1,50.48,583.42,59.62,304.76,543.07,466.38,96.64
12/10/2021,179.32,183.88,50.6,631.68,63.32,301.62,535.61,470.57,97.2
12/13/2021,175.68,183.6,50,621.58,59.13,281.44,531.71,466.54,97.07
12/14/2021,174.22,181.98,49.7,614.91,58.4,283.37,516.68,463.02,95.32
12/15/2021,179.36,189,50.75,639.86,58.61,304.29,521.02,470.46,96.4
12/16/2021,172.3,178.11,50.82,620.68,58.39,283.87,530.62,466.56,91.2
12/17/2021,171.14,177.09,50.56,637.06,55.38,278.66,521.38,459.79,93.16
12/20/2021,169.5,175.73,49.65,645.03,54.04,276.1,510.51,454.82,85.76
12/21/2021,173.05,179.58,50.77,646.24,54.79,290.76,519,462.73,89.12
12/22/2021,175.66,181.38,50.97,655.2,56.08,293.88,530.59,467.64,87.92
12/23/2021,176.15,182.74,51.31,664.8,56.91,296.2,542.36,470.91,87.37
12/27/2021,180.35,186.33,51.94,674.28,57.43,309.45,551.57,477.31,87.86
12/28/2021,179.29,184.82,51.87,669,57.11,303.22,551.85,477.05,87.35
12/29/2021,179.48,186.2,51.83,672.61,57.23,300.01,550.33,477.54,87.18
12/30/2021,178.26,182.73,51.74,665.08,58.13,295.86,549.8,476.35,88.04
12/31/2021,177.62,183.06,51.62,665.41,58.63,294.64,543.63,475.5,87.16
1/3/2022,181.81,186.16,53.21,663.13,61.17,301.2,552.41,477.7,88.58
1/4/2022,179.7,187.23,53.08,670.92,65.76,292.37,540,477.42,87.28
1/5/2022,175.05,186.05,53.96,643,62.74,276.48,548.82,468.48,83.51
1/6/2022,172.01,185.95,54.01,637.03,62.88,281.83,536.56,467.84,83.97
1/7/2022,172.09,180.41,53.39,619.15,62.21,272.4,523.22,466.19,84.68
1/10/2022,172.41,179.68,55.25,621.16,61.07,274.09,505.65,465.46,84.3
1/11/2022,175.08,185.4,55.91,622.05,61.46,277.96,520.18,469.75,84.45
1/12/2022,175.53,186.42,55.74,622,61.03,279.99,533.37,471.34,84.12
1/13/2022,172.5,183.89,55.12,597.19,61.77,266.13,536.11,464.81,82.78
1/14/2022,173.11,188.75,55.79,596.37,61.2,269.56,528.47,464.82,83.02
1/18/2022,169.92,178.86,54.93,577.79,58.93,259.12,519.75,456.08,81.5
1/19/2022,166.04,172.47,53.62,563.97,56.24,250.49,507.76,452.23,81.37
1/20/2022,164.39,166.5,52.04,547.72,54.65,241.35,502.83,446.69,81.49
1/21/2022,162.53,164.93,52.32,533.23,53.28,233.86,485.43,438.02,76.82
1/24/2022,161.6,170.07,51.82,541.58,52.5,232.6,460.1,439.49,77.93
1/25/2022,159.9,165.26,51,534.14,51.9,223.24,461.97,434.6,75.94
1/26/2022,159.71,167,53.12,557.12,52.35,227.72,474.64,433.41,76.37
1/27/2022,158.61,161.2,48.05,542.31,51.45,219.04,459.57,431.38,72.07
1/28/2022,170.15,166.81,47.71,560.1,50.24,228.4,444.26,441.38,73.42
1/31/2022,174.78,175.7,48.83,585.88,52.73,244.86,470.64,449.31,78.38
2/1/2022,174.41,176.62,48.95,592.72,54.07,246.25,478.33,453.23,77.7
2/2/2022,175.53,189.24,49.51,603.43,53.5,252.42,491.68,457.29,76.37
2/3/2022,172.8,179.1,48.28,580.85,53.11,239.48,486.18,446.69,71.28
2/4/2022,172.5,179.03,48.01,590.16,51.29,243.19,468.75,448.8,71
2/7/2022,171.8,175,48.34,587.63,50.71,247.93,481.31,447.46,69.74
2/8/2022,174.73,178.6,48.81,600.22,49.46,251.47,481.34,450.81,70.39
2/9/2022,176.22,183.59,49.91,611.34,50.72,267.28,497.15,457.17,74.17
2/10/2022,172.1,174.07,48.8,591.36,50.33,258.3,501.18,449.02,71.22
2/11/2022,168.64,164.7,47.63,573.42,48.83,239.49,485.3,440.48,69.31
2/14/2022,168.88,165.13,47.58,578.58,48.4,242.46,466.73,439.02,68.23
2/15/2022,172.68,173,48.44,602.77,49.67,264.68,482.14,445.62,72.1
2/16/2022,172.5,172.6,48.23,597.21,50.43,267.31,484.81,446.47,71.67
2/17/2022,169.07,166.75,47.58,579,48.82,245.35,476.92,437.08,69.95
2/18/2022,167.3,167.64,45.24,579.99,48.6,236.31,463.31,434.47,68.57
2/22/2022,164.61,165.89,44.69,577.46,46.77,234.4,467.55,430.5,65.85
2/23/2022,160.4,161.62,44.65,565.19,46.38,223.91,462.84,422.2,64.9
2/24/2022,162.2,167.69,46.5,580,46.36,237.88,446.77,428.09,69.04
2/25/2022,164.85,171.15,47.61,588.01,47.43,241.7,471.66,437.89,70.68
2/28/2022,165.12,171.99,47.7,587.44,46.72,243.85,476.63,436.53,75.29
3/1/2022,163.28,163.73,46.88,570.12,44.52,234.7,466.68,430.24,75.62
3/2/2022,166.42,169.25,48.88,585.78,46.32,242.2,462.14,437.77,69.02
3/3/2022,166.2,165.35,47.93,578.6,44.9,237.14,460.06,435.5,67.37
3/4/2022,163.48,162.58,48.07,594.97,42.57,229.3,451.65,432.06,71.85
3/7/2022,159.3,150.1,47.68,570.7,39.83,213.45,438.81,419.59,75
3/8/2022,157.18,150.86,47.5,575.95,40.2,214,431.57,415.63,79.52
3/9/2022,163.05,157.11,47.67,597.02,42.28,230.14,451.11,427.53,78.89
3/10/2022,158.2,154.71,46.66,587.73,41.87,226.8,436.27,425.33,76.5
3/11/2022,154.82,151.82,45.82,577.85,41.51,220.32,442.76,420.25,75.39
3/14/2022,150.65,141.47,44.48,567.8,40.83,213.7,424.94,417.68,71.99
3/15/2022,154.99,144.21,44.81,592.76,42.13,229.49,434.22,426,74.96
3/16/2022,159.39,150.45,46.55,607.13,43.85,244.26,458.12,435.41,77.59
3/17/2022,160.54,153,47.07,602.67,43.66,247.44,459.23,440.88,78.22
3/18/2022,163.98,153.99,47.45,610.41,44.72,264,469.38,444.61,77.58
3/21/2022,165.37,155.59,47.39,601.29,43.61,267.2,475.19,444.26,77.39
3/22/2022,168.96,157.61,48.39,611.34,44.56,264.5,477.71,449.69,79.08
3/23/2022,170.26,152.87,48.27,599.38,43.78,256.3,476.6,443.75,77.99
3/24/2022,174.09,158.46,51.64,625.13,44.35,281.2,479.54,450.43,79.53
3/25/2022,174.72,157.97,51.83,628.87,43.65,276.92,479.41,452.38,79.65
3/28/2022,175.55,158.45,51.51,632.88,44.22,282.1,477.4,455.91,84.09
3/29/2022,178.88,161.07,52.35,641.47,46.26,286.18,494.16,461.43,84.59
3/30/2022,177.77,152.73,51.43,631.09,45.22,276.9,491.5,458.81,81.94
3/31/2022,174.88,154,49.78,629.68,43.74,272.86,481.07,452.42,83.74
4/1/2022,174.22,146.99,48.11,626.98,42.96,267.1,460,452.54,84.01
4/4/2022,178.35,153.81,49.2,634.85,43.18,273.6,471.23,456.71,83.96
4/5/2022,174.98,145.47,48.13,614.12,41.45,259.19,451.95,451.35,80.33
4/6/2022,171.78,139.27,47.54,602,39.55,243.96,438.7,446.38,78.13
4/7/2022,172.14,139.22,47.56,603.05,38.72,241.72,432.88,448.77,78.54
4/8/2022,170.03,136.37,47.05,587,39.35,231.21,432.86,447.73,77.61
4/11/2022,165.75,135.36,46.57,580.61,40.33,219.17,421.33,439.94,78.86
4/12/2022,167.68,136.09,46.5,585.07,40.04,214.95,425.92,437.93,79.1
4/13/2022,170.39,140.5,47.01,592.54,40.22,221.93,428.16,442.99,79.7
4/14/2022,165.33,136.91,45.7,573.85,40.13,212.2,420.3,437.77,78.12
4/18/2022,165.11,139.32,46.64,586.5,40.63,217.81,421.85,438.18,78.66
4/19/2022,166,141.05,47.84,597.62,42.08,221.41,431.54,444.13,78.73
4/20/2022,167.29,140.34,48.15,597.72,41.72,215.34,431.69,445,76.93
4/21/2022,166.42,136.11,47.5,592.73,40.71,201.57,427.72,437.69,74.43
4/22/2022,161.85,132.82,46.54,586.95,39.84,194.96,414.83,425.54,73.32
4/25/2022,163.1,136.56,47.08,587.88,39.4,199.5,408.29,428.76,72.45
4/26/2022,156.99,133.5,45.67,560.07,38.04,187.57,401.72,415.89,71.44
4/27/2022,156.57,136.42,45.22,559.54,38.66,183.75,398.15,417.13,72.14
4/28/2022,164.1,148.19,44.9,578.94,38.75,197.8,404.85,427.29,72.26
4/29/2022,157.6,139.69,43.61,554.39,37.91,185.67,411,412.49,73.03
5/2/2022,157.9,145.27,44.89,576.35,38.45,195.32,406.84,414.65,73.74
5/3/2022,159.48,144.26,45.06,581.17,39.94,195.81,417.42,416.38,76.48
5/4/2022,166.02,148.85,46.54,603.66,41.17,203.44,410.39,428.63,76.88
5/5/2022,157.08,141.64,44.89,579.99,39.95,188.79,411.73,414.25,75.36
5/6/2022,157.28,140.58,44.29,580.1,39.58,186.7,409.74,411.06,73.13
5/9/2022,152.45,134.92,43.15,562.92,38.26,169.8,391.74,398.95,69.13
5/10/2022,154.62,136.81,43.92,581.39,38.7,175.95,392.36,398.86,67.49
5/11/2022,146.53,132.3,42.85,567.11,37.27,166.7,396.89,392.85,64.14
5/12/2022,142.7,131.77,42.84,571.57,35.56,161.23,381.54,392.25,60.88
5/13/2022,147.1,135.26,43.58,588.24,38.2,177.1,406.75,401.4,65.18
5/16/2022,145.54,133.91,43.08,582.67,37.1,172.28,405.17,400.16,63.52
5/17/2022,149.1,139.89,44.4,608.15,38.1,181.7,417.65,408.02,64.55
5/18/2022,140.87,130.45,42.35,570.57,35.83,169.38,407.64,391.75,65.89
5/19/2022,137.27,130.57,42.01,546.21,36.12,171,405.39,389.06,67.46
5/20/2022,137.65,131.6,41.65,544.28,35.4,166.94,389.37,389.89,64.81
5/23/2022,143.05,132.12,41.98,526.02,36,168.98,397.11,397.03,65.67
5/24/2022,140.45,128.53,41.67,524.2,35.21,161.68,388.12,394.22,64.73
5/25/2022,140.5,131.23,42.2,531.63,35.98,170.01,391.58,397.47,65.24
5/26/2022,143.68,134.84,43.43,550.66,37.42,178.25,408.35,405.17,67.85
5/27/2022,149.64,139.76,44.53,583.28,38.57,187.85,424.79,415.2,70.66
5/31/2022,149.05,143.42,44.49,580.13,38.68,186.49,428.49,413.1,72.22
6/1/2022,148.71,140.02,44.07,573.62,38.27,183.2,415.62,409.88,70.87
6/2/2022,150.7,145.68,44.61,572.76,38.82,194.9,427.33,417.28,74.24
6/3/2022,145.38,141.22,43.37,563.32,37.61,187.2,421.59,410.38,74.93
6/6/2022,146.14,140.44,43.34,561.23,37.83,187.86,425.02,411.65,71.99
6/7/2022,148.71,141.89,43.53,572.99,38.37,189.2,420.79,415.12,72
6/8/2022,147.96,138.96,41.2,565.36,37.57,186.3,419.95,411.23,71.69
6/9/2022,142.64,136.71,40.01,556.22,36.74,180.46,415.3,401.49,69.83
6/10/2022,137.21,134.63,39.18,541.27,35.01,169.74,391.28,389.77,68
6/13/2022,132.01,128.92,37.77,517.62,32.28,156.45,369,374.31,63.13
6/14/2022,132.76,130.26,37.93,520.17,33.2,158.36,369.4,373.67,61.95
6/15/2022,135.44,131.03,38.65,526.71,34.18,165.25,373.83,379.24,64.03
6/16/2022,130.16,120.85,37.31,497.18,31.42,156.19,353.05,367.1,62.01
6/17/2022,131.52,120.99,36.97,498.65,31.75,158.8,350.56,366.25,66.71
6/21/2022,135.85,124.39,37.73,503.77,32.64,165.66,364.3,374.86,68.2
6/22/2022,135.32,122.15,37.38,496.1,32.83,163.98,358.59,374.71,67.6
6/23/2022,138.2,120.09,37.37,496.58,32.99,162.26,355.2,377.54,69.6
6/24/2022,141.6,125.1,38.61,509.27,34.82,171.27,370.3,389.67,70.07
6/27/2022,141.67,127.18,38.65,505.71,34.63,168.69,375.52,388.59,70.62
6/28/2022,137.45,131.6,37.78,498.45,33.99,159.82,364.09,380.81,67.75
6/29/2022,139.2,130.23,37.31,490.41,33.45,155.42,352.97,380.59,66.84
6/30/2022,136.72,127.74,37.41,485.81,31.9,151.59,353.34,376.96,68.13
7/1/2022,138.93,123.53,36.34,477.84,32.19,145.11,333.73,381.3,68.15
7/5/2022,141.58,125.97,36.69,476.3,32.37,149.59,331.52,381.57,66.23
7/6/2022,142.92,127.05,37,482.61,31.41,151.35,340.31,383.26,66.16
7/7/2022,146.33,134.41,38.2,498.54,32.81,158.58,355.2,388.69,70.64
7/8/2022,146.86,136.01,37.99,498.69,32.31,158.39,358.81,388.79,72.51
7/11/2022,144.87,132.24,37.2,482.86,30.87,151.52,350.74,384.42,69.29
7/12/2022,145.83,132.95,37.21,481.37,31.51,151.02,354.19,380.64,68.42
7/13/2022,145.44,135.64,37.21,481.73,31.72,151.74,352.81,378.83,69.16
7/14/2022,148.47,141.9,37.71,484.41,31.59,153.72,353.59,378.15,71.04
7/15/2022,150.04,144.37,38.62,494.46,32.87,157.62,365.6,384.99,65.27
7/18/2022,147.07,141.69,38.71,491.06,32.62,160.93,378.12,382.23,67.01
7/19/2022,151.08,147.37,40.22,509,34.4,170.08,381.5,392.44,70.65
7/20/2022,153.03,151.71,40.56,511.77,34.76,178,394.31,394.96,72.98
7/21/2022,155.34,155.86,40.61,517.68,35.13,180.5,397.31,398.91,73.26
7/22/2022,154.09,153.7,39.2,512.52,34.67,173.19,392.47,394.55,72.59
7/25/2022,152.95,153.25,39.16,513.11,34.52,170.34,386.29,395.95,73.66
7/26/2022,151.52,149.97,38.96,511.09,33.34,165,381.26,391.12,73.57
7/27/2022,156.79,150,40.06,527.79,34.68,177.27,391.59,400.73,76.76
7/28/2022,157.35,146.54,39.88,533.61,35.74,179.9,401.14,405.94,88.5
7/29/2022,162.47,145.06,36.23,535.48,36.26,181.51,402.92,412.19,99.17
8/1/2022,161.53,147.43,36.97,536.37,36.77,184.41,410.14,410.6,99.49
8/2/2022,160.01,147.03,36.05,531.21,36.13,185.26,409.86,408.17,99.72
8/3/2022,166.03,149.16,36.53,546.74,37.31,188.8,414.64,414.22,97.89
8/4/2022,165.81,151.01,35.67,552.8,36.23,192.21,421.96,414.38,99.17
8/5/2022,165.35,150.21,35.39,551.44,36.06,189.89,414.75,413.23,101.9
8/8/2022,164.87,147.81,35.37,545.53,37.56,177.8,410.25,413.17,106.9
8/9/2022,164.92,142.51,34.54,532.8,36.62,170.94,391.2,411.62,109.01
8/10/2022,169.12,145,35.31,542,37.95,180.97,409.93,419.9,114.44
8/11/2022,168.81,147.83,35.58,544.62,38.46,179.51,412.32,420.44,114.58
8/12/2022,172,151.29,36.11,558.23,39.48,187.09,418.1,426.81,117.4
8/15/2022,173.09,152.13,36.34,558.96,39.4,190.34,421.84,428.74,118.22
8/16/2022,172.94,150.03,36.19,551.65,38.99,188.75,420.48,429.44,116.99
8/17/2022,174.56,148.53,35.78,538.59,38.4,183.35,403.92,426.73,116.3
8/18/2022,174.15,151.38,36.2,558.45,38.72,187.47,420.1,427.83,117.82
8/19/2022,171.6,147.6,35.38,548.43,39.7,178.49,407.5,422.07,115.41
8/22/2022,167.55,141.8,33.84,528.75,38.55,170.2,395.41,413.46,114.48
8/23/2022,167.16,140.72,33.95,529.78,38.56,171.81,395.94,412.49,114.42
8/24/2022,167.53,141.31,33.86,530.84,39.25,172,395,413.5,118.44
8/25/2022,170.03,146.25,34.89,550.13,40.39,179.13,404.92,419.2,121.69
8/26/2022,163.58,138.38,33.36,522,39.23,162.41,393.82,405.08,121.75
8/29/2022,161.29,137.08,32.94,514.18,39.51,157.86,379.05,402.83,121.69
8/30/2022,159.05,134.41,32.28,506.39,39.13,154.69,371.82,398.38,122.31
8/31/2022,157.22,132.27,31.92,499.11,38.21,150.88,369.5,395.1,127.55
9/1/2022,158.03,129.92,31.76,492.01,38.56,139.4,353,396.37,127.84
9/2/2022,155.83,128.48,31.19,500.22,38.47,136.54,368.98,392.26,126.41
9/6/2022,154.6,126.67,30.36,498.2,38.71,134.7,359.92,390.36,127.6
9/7/2022,155.9,128.6,30.65,505.13,40.11,137.17,358.98,397.64,134.8
9/8/2022,154.36,128.85,30.75,511.93,40.5,139.9,365.73,400.62,138.13
9/9/2022,157.39,132.05,31.46,522.4,41.29,143.87,376.67,406.38,135.82
9/12/2022,163.49,133,31.57,529.06,42.05,145.05,373.75,411.14,136.79
9/13/2022,153.87,124.93,29.36,503.65,40.53,131.2,358.99,393.56,136.76
9/14/2022,155.31,127.53,29.18,510.75,40.62,131.37,358.03,394.68,135.76
9/15/2022,152.4,124.98,28.81,500.14,40.66,129.31,352.67,390.53,132.02
9/16/2022,150.7,124.95,29.24,502.5,39.97,131.9,349.35,385.67,135.81
9/19/2022,154.48,126.65,29.46,501.84,41.39,133.82,352.54,388.83,137.04
9/20/2022,156.89,125,28.96,492.8,39.06,131.71,354.03,384.39,133.31
9/21/2022,153.7,124.62,28.53,482.14,37.68,132.65,356.24,377.11,135.57
9/22/2022,152.72,123.68,28.12,477.61,37.38,125.6,337.95,374,131.77
9/23/2022,150.52,121.38,27.52,468.68,35.48,125.24,329.92,368.16,129.85
9/26/2022,150.63,119.74,26.97,462.26,35.04,122,329.68,364.14,128.21
9/27/2022,151.68,120.34,26.85,464.75,34.71,123.96,328.86,362.9,132.31
9/28/2022,149.85,118.93,27.13,465.96,35.25,127.3,334.1,370.58,136.19
9/29/2022,142.64,114.84,26.36,450.02,33.26,122.25,323.9,363.28,130.93
9/30/2022,138.19,112.98,25.77,444.01,32.09,121.43,324.7,357.87,132.1
10/3/2022,142.62,117.22,26.97,456.78,32.87,125.11,328.8,366.77,136.62
10/4/2022,146.04,122.37,27.73,479.86,35.79,131.67,345.44,377.74,143.06
10/5/2022,146.4,124.89,27.63,484.8,34.84,132.09,342.51,377.54,134.59
10/6/2022,145.37,125.28,27.18,479.5,34.63,131.14,347.35,373.21,132.06
10/7/2022,140.29,121.05,25.72,460.48,33.62,120.76,329.07,362.78,129.42
10/10/2022,140.34,114.6,25.2,437.7,32.29,116.59,314.03,360.23,131.06
10/11/2022,139.05,110.03,25.04,430.76,32.09,115.69,308.16,357.73,131.32
10/12/2022,138.4,108.64,25.33,430.57,32.2,115.14,305.59,356.79,126.88
10/13/2022,143.01,112.86,26.42,437.97,32.83,119.51,312.06,366.06,126.54
10/14/2022,138.41,109.95,25.91,427.1,32.89,112.27,302.15,357.68,123.36
10/17/2022,142.2,111.59,26.35,435.37,33.57,118.85,305.76,366.93,118.28
10/18/2022,143.92,111.21,25.9,434.83,34.25,119.8,303.76,371,121.31
10/19/2022,143.92,112.85,26,435.3,33.63,120.55,308.89,368.62,120.21
10/20/2022,143.48,111.98,26.08,430.3,33.44,121.94,316.47,365.59,118.72
10/21/2022,147.38,115.74,26.97,449.73,34.99,124.7,317.58,374.54,122.6
10/24/2022,149.45,116.38,27.19,456.52,35.72,125.89,322.44,378.75,124.57
10/25/2022,152.02,119.17,27.41,460.07,37.01,132.61,331.03,384.61,127.15
10/26/2022,149.24,118.11,27.21,461.18,37.86,128.95,333.08,382.22,131.4
10/27/2022,144.97,114.7,26.4,455.4,38.16,131.89,324.33,380.16,131.18
10/28/2022,155.82,119.21,29.07,472.9,38.85,138.34,331.06,389.18,132.67
10/31/2022,153.33,117.66,28.43,470.12,39.25,135.18,327.08,386.14,145.57
11/1/2022,150.6,117.33,28.31,467.9,39.35,135.58,330.43,384.78,148.8
11/2/2022,145.03,105.5,27.41,456.03,38.52,132.01,330.34,374.6,149.27
11/3/2022,138.83,103.88,27.39,444.12,38.51,134.2,315.69,371.03,153.2
11/4/2022,138.16,106.69,28.2,465.3,39,141.56,323.37,376.34,151.91
11/7/2022,139.03,110.09,28.47,474.75,39.39,142.91,330.41,379.84,146.23
11/8/2022,139.37,112.54,28.48,482.11,39.05,146.02,344.28,381.53,149.82
11/9/2022,134.84,110.55,27.5,469.47,38.06,137.76,337,374.25,152.14
11/10/2022,146.75,120.68,29.73,506.57,39.74,157.52,355.57,394.47,155.3
11/11/2022,149.55,121.43,30.43,517.36,41.12,163.27,375.14,398.16,155.79
11/14/2022,148.28,121.03,30.39,513.22,39.93,163.54,379.44,395.43,152.78
11/15/2022,150.2,126.02,30.76,524.42,40.24,166.83,385.73,398.79,155.45
11/16/2022,148.79,120.73,29.53,511.73,38.47,159.33,370.51,395.6,158.55
11/17/2022,150.52,122.86,29.89,512.11,38.64,156.77,368.18,394.31,162.4
11/18/2022,151.17,123.85,29.87,515.16,39.77,154.1,371.19,395.97,164.73
11/21/2022,148.05,120.2,28.95,518,39.52,153.23,366.82,394.62,164.57
11/22/2022,150.15,123.65,29.82,530.05,39.97,160.38,372.78,399.8,166.58
11/23/2022,151.1,125.15,29.67,533.64,40.11,165.19,384.84,402.42,169.32
11/25/2022,148.11,123.45,29.34,529.91,40.46,162.7,379.63,402.33,172.29
11/28/2022,144.36,119.54,28.73,522.21,39.38,158.27,371.87,396.2,164.47
11/29/2022,141.16,118.38,28.9,521.39,39.75,156.19,369.01,395.34,165.67
11/30/2022,147.9,126.49,30.07,551.03,40.56,169.12,366.15,407.32,166.95
12/1/2022,148.24,126.81,29.83,550.75,40.43,171.35,385.19,407.08,168.54
12/2/2022,147.72,125.66,29.41,540.8,39.9,168.76,375.53,406.52,169
12/5/2022,146.82,123.3,29.17,530.64,38.79,166.1,379.97,399.78,167.14
12/6/2022,142.89,119.78,28.6,525.82,38.02,159.87,370.72,393.84,157.47
12/7/2022,141.03,118.21,28.33,518.5,37.96,161.2,368.7,393.35,154.74
12/8/2022,142.65,121.75,28.44,531.08,38.2,171.7,376.55,396.11,152.71
12/9/2022,142.15,119.05,28.24,544.72,38.28,170.01,380.36,393.1,150.96
12/12/2022,144.43,121.2,28.67,556.63,38.49,175.1,373.87,398.52,150.28
12/13/2022,145.39,123.49,28.73,571.04,38.77,180.82,390.49,401.83,157.08
12/14/2022,143.26,121.71,28.24,574.44,38.36,176.74,388.47,399.6,160.09
12/15/2022,136.56,116.64,27.21,558,37.62,169.52,368.98,389.68,159.41
12/16/2022,134.72,114.53,26.88,555.91,36.15,165.71,361.21,383.36,155.08
12/19/2022,132.46,112.61,26.79,549.63,35.42,162.54,356.77,380.1,156.77
12/20/2022,132.41,112.1,26.44,544.02,35.2,160.85,357.11,380.63,156.59
12/21/2022,135.45,114.59,26.83,561.23,35.9,165.02,362.83,386.17,162.06
12/22/2022,132.23,110.82,26.03,553.09,33.53,153.39,347.51,381.16,156.89
12/23/2022,131.76,110.84,26.09,552.43,33.83,152.06,345.64,382.78,156.75
12/27/2022,130.05,109.61,26.01,553.54,33.32,141.24,343.81,381.71,150.22
12/28/2022,126.04,106.97,25.54,544.89,32.53,140.36,338.38,376.66,146.17
12/29/2022,129.61,109.84,26.21,557.81,33.67,146.03,348.39,383.28,148.78
12/30/2022,129.84,109.94,26.43,559.13,33.64,145.91,344.51,382.4,149.79
1/3/2023,125,107.2,26.7,553.48,33.82,143.15,347.84,380.45,145.94
1/4/2023,126.36,111.53,27.68,560.24,34.69,147.33,349.82,383.39,146.78
1/5/2023,125.12,109.4,27.56,555.02,35,142.65,350.57,379.58,145.46
1/6/2023,129.46,115.16,28.73,588.43,35.91,148.59,355.43,388.13,156.8
1/9/2023,130.14,114.61,29.31,578,35.92,156.23,376.38,387.69,159.17
1/10/2023,130.75,116.91,29.44,574,37.11,159.08,370.64,390.61,171.01
1/11/2023,133.37,118.39,29.85,578.14,37.62,160.01,373.12,395.37,172.41
1/12/2023,133.37,121.59,30.27,581.94,38.33,165.11,378.81,396.96,178.85
1/13/2023,134.74,120.24,30.11,579,36.51,168.99,383.06,398.5,180.19
1/17/2023,136,120.28,29.6,579.24,36.61,177,385.7,397.87,177.6
1/18/2023,135.08,122.04,28.82,574.29,36.44,173.77,390.23,391.5,177.57
1/19/2023,135.59,117.58,28.42,563.22,35.73,168,375.04,389.26,165.01
1/20/2023,137.87,122.9,29.22,570.78,35.35,178.2,375.71,395.51,167.87
1/23/2023,141.05,130.95,30.27,581.63,36.44,191.73,398.35,400.24,176.21
1/24/2023,142.66,130.7,29.87,585.03,36.2,192.8,402.69,400.51,171.49
1/25/2023,141.79,131.17,29.7,585.68,36.32,193.23,394.32,400.26,168.26
1/26/2023,143.96,133.96,30.1,598.58,36.48,198.02,401.8,404.58,175.43
1/27/2023,145.93,133.4,28.15,590.99,37.95,203.65,404.81,405.74,179.35
1/30/2023,143,131.63,28.02,581.45,36.29,191.75,399.93,400.92,170.78
1/31/2023,144.18,133.24,28.26,585.01,39.32,195.37,401.62,406.21,177.6
2/1/2023,145,138.46,29.07,602.75,39.3,209.22,409.3,410.35,180.15
2/2/2023,150.72,136.6,30.19,605.77,41.5,217.09,428.47,416.64,168.67
2/3/2023,154.6,135.02,30.32,597.62,41.13,211,434.06,412.3,168.19
2/6/2023,151.73,132.93,28.69,601.3,41.34,210.89,423.11,410.09,167.47
2/7/2023,154.52,136.63,29.05,614.45,41.4,221.7,421.47,414.8,165.89
2/8/2023,152.17,132.17,28.24,601.71,41.57,222.05,426.98,410.7,165.58
2/9/2023,150.83,130.53,27.74,598.78,41.63,223.4,433.22,407.15,163.94
2/10/2023,151.01,128.99,27.8,593.25,41.35,212.56,417.09,407.97,163.38
2/13/2023,153.75,130.84,28.55,601.12,42.02,217.88,421.51,412.85,167.26
2/14/2023,153.06,132.34,28.64,602.31,42.43,229.7,425.85,412.58,165.04
2/15/2023,155.3,133.07,28.85,607.69,42.95,227.64,425.81,413.84,172.36
2/16/2023,153.71,130.16,28.2,600.54,43.1,220.01,428.36,408.1,165.01
2/17/2023,152.55,127.72,27.61,595.59,43.17,213.82,415.68,407.11,164.28
2/21/2023,148.49,123.7,26.06,581.54,41.13,206.55,409.82,399.4,160.99
2/22/2023,148.84,123.95,25.47,576.17,40.89,207.4,401.4,398.56,163.61
2/23/2023,149.4,126.2,25.62,583.8,39.25,236.66,408.42,400.68,165.58
2/24/2023,146.55,124.34,25.1,577.75,39.18,232.94,403.72,396.18,162.16
2/27/2023,148,123.42,24.9,585.45,39.31,235.05,410.31,397.89,166.11
2/28/2023,147.39,123.53,24.87,594.29,38.74,232.09,409.79,395.9,169.14
3/1/2023,145.3,123.68,25.33,593.57,38.72,226.91,411.38,394.69,195.04
3/2/2023,145.9,123.78,26.22,600,39.53,233.1,405.55,397.81,198.22
3/3/2023,151.02,123.6,26.37,633,41.01,238.79,411.56,403.93,210.3
3/6/2023,153.85,122.41,25.99,632.92,40.45,235.36,423.13,404.51,212.3
3/7/2023,151.52,119.19,25.53,625.15,39.74,232.7,410.97,398.53,214.29
3/8/2023,152.83,121.2,25.98,632.26,39.76,241.81,417.65,398.87,214.1
3/9/2023,150.64,117.22,26.44,622.52,37.82,234.58,424.35,391.82,211.25
3/10/2023,148.59,115.19,27.23,614.83,36.52,229.79,411.53,385.97,207.73
3/13/2023,150.46,114.43,26.95,616.47,35.76,229.66,409.11,385.48,203.58
3/14/2023,152.56,116.33,28.03,632.46,35.6,240.7,418.92,391.62,207.29
3/15/2023,152.99,115.49,28.41,626.04,34.34,242.28,406.78,389.45,203.22
3/16/2023,155.85,120.51,30.18,637,34.61,255.5,423.7,395.8,206.56
3/17/2023,155,120.73,29.81,630.97,33.38,257.4,425.24,390.59,199.62
3/20/2023,157.45,121.82,29.16,643.71,33.62,258.7,425.61,393.55,204.68
3/21/2023,159.28,123.8,28.46,636.75,35.1,261.79,425.48,398.95,209.25
3/22/2023,157.96,121.97,28.16,630.92,34.07,264.83,435.18,392.8,205.01
3/23/2023,158.93,124.15,29.11,639.23,33.74,271.9,441.94,393,210.19
3/24/2023,160.28,124.76,29.4,636.17,33.71,267.79,428.21,395.67,211.1
3/27/2023,158.28,123.6,29.24,626.84,34.45,265.31,423.71,396.44,210.14
3/28/2023,157.62,121.34,29.35,624.7,34.22,264,417.68,395.82,210.01
3/29/2023,160.79,125.09,31.52,625.5,35.7,269.71,430.92,401.15,215.35
3/30/2023,162.38,127.4,32.09,633.75,35.99,273.83,442.12,403.71,213.32
3/31/2023,164.68,127.58,32.67,641.54,36.68,277.85,443.62,409.18,217.5
4/3/2023,166.1,124.74,32.9,642.47,36.27,279.65,437.57,410.83,208.49
4/4/2023,165.6,122.3,33.1,634.41,35.74,274.45,434.98,408.68,208.14
4/5/2023,163.76,123.04,32.83,629.01,35.09,268.81,423.15,407.66,201.61
4/6/2023,164.63,123,32.81,622.64,34.59,270.37,425.25,409.13,204.51
4/10/2023,161.99,124.01,32.52,627.39,35.73,275.65,425.29,409.56,212.03
4/11/2023,160.83,123.57,32.35,621.57,35.41,271.5,430.4,409.88,210.03
4/12/2023,160.14,120.27,32.02,616.7,34.62,264.69,425.34,407.99,207.89
4/13/2023,165.55,121.13,32.13,624.24,34.53,264.5,424.06,413.26,211.26
4/14/2023,165.15,120.16,31.89,619.54,34.49,267.69,421.53,412.56,208.4
4/17/2023,165.22,119.38,32.14,627.36,35.14,269.97,418.24,413.96,218.89
4/18/2023,166.19,118.36,31.83,632.32,35.33,276.22,424.32,413.91,219.48
4/19/2023,167.62,118.54,31.15,634.5,34.58,279.31,419.09,413.92,218.19
4/20/2023,166.6,118.73,30.92,632.99,33.52,271.02,422.9,412.02,215.53
4/21/2023,165.05,117.76,30.3,632.9,33.56,271.22,416.24,412.21,216.89
4/24/2023,165.32,117.35,29.64,634.54,34.29,270.32,412.63,412.67,209.9
4/25/2023,163.79,114.07,28.88,622.28,32.94,262.34,405.62,406.25,210.53
4/26/2023,163.76,114.16,29.03,616.19,32.29,269.58,406.25,404.52,199.51
4/27/2023,168.45,113.92,29.88,618.41,32.72,272.3,399.83,412.2,200.83
4/28/2023,169.68,116.8,31.06,626.5,33.04,277.55,408.44,416.15,182.58
5/1/2023,169.65,115.84,30.3,637.95,33.48,289.19,414.38,415.79,182.48
5/2/2023,168.58,116.11,29.77,612.34,33.08,281.99,411.06,410.9,174.95
5/3/2023,167.16,108.7,30.6,613.2,32.45,278.12,409.38,408.04,174.96
5/4/2023,165.5,106.58,31.24,610.16,31.69,275.33,404.29,404.97,172
5/5/2023,173.62,108.59,31,630.32,33.26,286.68,411.8,412.42,174.77
5/8/2023,173.45,108.31,30.77,629.06,33.66,291.51,416.02,412.69,177.22
5/9/2023,171.74,105.72,30.1,618.51,33.28,285.66,408.86,411.07,177.2
5/10/2023,173.53,106.46,30.02,626.27,33.08,288.82,414.78,412.98,180.55
5/11/2023,173.68,104.06,28.85,628.48,33.12,285.63,409.31,412.15,180.38
5/12/2023,172.52,103.62,28.95,631.15,32.4,283.2,410.79,411.54,231.58
5/15/2023,172.07,106.21,29.8,639.8,32.37,289.45,416.74,412.81,223.63
5/16/2023,172.07,103.79,29.22,641.44,31.54,292.08,425.6,410.24,217.49
5/17/2023,172.61,104.81,28.82,657.47,32.44,301.7,428.86,414.99,208.68
5/18/2023,175.14,106.96,29.67,677.9,32.81,316.85,443.4,419.24,207.67
5/19/2023,175.14,105.86,29.93,682.25,32.66,312.7,442.17,418.67,203.51
5/22/2023,174.27,105.28,30.28,678.37,32.86,311.5,443.02,418.81,201.11
5/23/2023,171.62,103.56,29.52,686.5,33.42,306.9,442.42,414.13,200.14
5/24/2023,171.77,102.94,28.99,679.53,32.28,305.76,428.33,410.94,197.71
5/25/2023,172.99,104.02,27.41,728.8,32.5,379.87,455.35,414.69,199.2
5/26/2023,175.43,110.35,28.95,812.73,33.29,389.3,482.34,420.18,199.54
5/30/2023,177.34,116,29.99,803.34,33.36,401.15,495.64,420.13,200.74
5/31/2023,177.31,113.41,31.44,807.3,32.4,378.61,478.98,418.05,201.33
6/1/2023,180.04,115.83,31.13,790,33.02,397.62,484.79,421.64,208.74
6/2/2023,180.95,115.62,31.31,812,34.28,393.29,483.25,427.84,206.74
6/5/2023,179.55,112.73,29.85,802.3,34.13,391.75,477.89,427.12,203.67
6/6/2023,179.17,116.36,30.96,790,35.24,386.54,484,428.08,197
6/7/2023,177.85,115.18,31.26,792.63,36.22,375.15,486.98,426.59,191.76
6/8/2023,180.56,116.35,31.82,804.2,36.01,385.08,485.46,428.95,192.33
6/9/2023,181.02,119.11,31.34,804.62,36.23,387.45,485.8,430.04,192
6/12/2023,183.8,122.14,33.09,855,36.67,394.93,498.53,433.7,196.24
6/13/2023,183.31,124.43,33.91,849.89,37.63,410.35,508.59,436.49,195.99
6/14/2023,184.07,123.4,35.61,885.43,37.36,430.25,512.3,437.34,193.03
6/15/2023,185.95,123.61,35.82,883.43,38.03,426.75,513.76,442.54,192.88
6/16/2023,185.07,122.87,36.35,868.11,37.96,426.87,509.4,439.69,188.99
6/20/2023,184.84,119.82,35,868.03,37.32,438.25,500.8,436.97,186.1
6/21/2023,183.96,115.76,32.92,847.66,37.01,430.38,491.63,435.01,184.58
6/22/2023,187.02,116.4,32.71,842.43,36.66,430.46,494.48,436.53,187.08
6/23/2023,186.63,113.39,33,820.99,36.18,422,484.4,433.14,184.32
6/26/2023,185.26,116.63,33.34,821.63,36.7,406.57,491.99,431.7,178.55
6/27/2023,188.04,119.79,34.1,847.48,37.48,418.75,494.76,435.9,182.73
6/28/2023,189.27,117.54,33.64,847.94,38.19,411.9,501.3,436.6,184.22
6/29/2023,189.7,118.06,32.93,862.57,38.2,408.44,500.31,438.21,184.01
6/30/2023,193.95,118.65,33.31,867.43,38.56,422.72,505.7,442.92,190.09
7/3/2023,192.39,120.09,33.62,876.44,38.96,424.1,507.4,444.03,191.39
7/5/2023,191.32,117.13,32.51,861.86,39.42,423.21,503.37,443.09,186.07
7/6/2023,191.89,115.22,32.1,848,39.46,421.3,490.06,439.74,183.14
7/7/2023,190.68,115.94,31.85,846.75,39.61,425.03,500.21,438.77,189.14
7/10/2023,188.62,117.12,32.8,877.73,39.64,421.75,500.87,439.58,190.82
7/11/2023,188.11,116.91,33.25,882.05,39.97,423.97,499.73,442.21,189.62
7/12/2023,189.79,118.68,33.99,889.95,40.41,439.5,510.18,446.12,194.96
7/13/2023,190.58,123.12,33.81,890.36,40.5,460.3,520.15,449.63,196.95
7/14/2023,190.67,122.56,33.15,888.58,40,454.47,525.9,449.02,191.3
7/17/2023,193.85,123.4,34.36,910.35,38.8,464.5,528.03,450.63,206.71
7/18/2023,193.63,122.86,34.48,903.43,39.13,474.92,527.19,453.99,201.57
7/19/2023,195.08,124.42,34.45,901.37,39.23,470.07,529.48,454.96,198.58
7/20/2023,193.3,120.72,33.46,888.34,39.26,455.27,512.78,452.38,198.5
7/21/2023,192.22,124.72,33.96,896.75,38.55,444.99,511.82,452.25,197.91
7/24/2023,192.68,124.1,33.64,903.51,39.3,445.79,510.6,454.12,197.66
7/25/2023,193.81,125.07,34.1,917.99,37.92,456.79,519.86,455.28,200.01
7/26/2023,194.44,124.02,34.31,893.09,38.29,453.95,510.02,455.43,197.41
7/27/2023,193.1,125.85,34.41,893.53,38.97,458.93,529.01,452.58,198.8
7/28/2023,195.59,129.48,36.84,899.79,38.06,467.4,533.88,456.75,208.4
7/31/2023,196.36,132.17,35.77,898.65,38.37,467.28,534.66,457.84,206.25
8/1/2023,195.52,132.08,35.77,920,38.12,465.07,534.82,456.37,202.63
8/2/2023,192.49,129.27,34.34,892.3,37.39,442.92,513.76,450.19,194.28
8/3/2023,191.17,118.7,34.81,884.98,36.92,445.16,512.75,448.87,196.24
8/4/2023,181.87,121.5,35.24,881.65,36.57,446.7,516.87,446.8,194.38
8/7/2023,178.78,119.1,35.23,897.06,36.97,454,517.08,450.58,195.6
8/8/2023,179.86,117.66,35.02,883.16,36.84,446.85,504.37,448.8,196.1
8/9/2023,178.21,116.57,34.28,850.73,36.26,425.9,501.92,446.06,203.6
8/10/2023,177.89,115.61,34.7,842.9,34.16,423.88,499.39,445.79,205.01
8/11/2023,177.8,114.61,34.96,829.76,33.89,408.69,488.71,445.73,204.87
8/14/2023,179.36,114.02,35.72,854.1,34.07,438.13,495.75,448.09,211.23
8/15/2023,177.45,111.68,34.84,842.52,33.3,439.75,496.74,442.95,199.83
8/16/2023,176.57,110.15,33.54,832.99,32.82,434.96,485.96,439.67,191.89
8/17/2023,174.04,110.08,32.57,827.1,33.02,433.61,480.3,436.27,182.61
8/18/2023,174.61,110.1,32.75,825.84,33.17,433.09,477.83,436.87,181.91
8/21/2023,175.72,110.68,33.08,865.14,33.27,470.2,484.74,439.02,181.7
8/22/2023,177.25,109.55,32.92,855.79,32.93,456.9,491.75,438.1,176.5
8/23/2023,181.12,111.17,34.09,877.9,33.56,470.06,499.13,442.82,180.58
8/24/2023,176.36,108.62,32.59,854.46,32.88,472.17,487.18,436.75,174.42
8/25/2023,178.65,110.32,33.23,851.82,32.95,460.18,478.49,440.09,177.45
8/28/2023,180.18,111.68,33.62,861.08,33.12,468.35,487.9,442.64,176.76
8/29/2023,184.17,113.78,34.31,889.93,33.29,487.87,502.87,449.13,181.61
8/30/2023,187.65,113.27,34.53,892.28,33.39,492.3,508.02,450.96,184.96
8/31/2023,188.04,114.53,35.14,923,33.51,493.55,510.59,450.63,189.12
9/1/2023,189.26,115.39,36.57,872.52,33.54,484.98,509.28,451.08,186.37
9/5/2023,189.75,116.55,36.69,872.17,33.28,485.33,512.95,449.4,186.48
9/6/2023,182.98,114.68,36.98,872.27,32.8,470.55,505.63,446.12,182.09
9/7/2023,178.05,106.46,38.18,857.03,32.57,462.44,492.23,444.7,180.5
9/8/2023,178.45,106.12,38.04,857.55,32.95,455.72,494.54,445.47,183.21
9/11/2023,179.32,110.27,38.68,859.14,32.64,451.6,488.32,448.5,179.37
9/12/2023,176.5,111.23,38.86,844.52,33.47,448.5,492.97,446.09,180.94
9/13/2023,174.21,112.64,38.75,853.15,33.66,454.96,495.98,446.74,170.5
9/14/2023,175.73,114.04,38.67,871.64,33.66,455.92,495.2,450.4,177
9/15/2023,174.97,113.14,37.9,851.68,33.95,439,483.9,443.62,174.05
9/18/2023,178.02,112.75,38.08,850,33.34,439.66,483.58,443.66,167.74
9/19/2023,179.07,110.72,37.62,849.2,33.96,435.2,478.36,442.93,169.18
9/20/2023,175.49,109.22,34.69,830.36,33.2,422.3,480.28,438.5,169.24
9/21/2023,173.86,107.96,34.67,809.24,32.71,410.25,465.05,431.29,166.24
9/22/2023,174.85,107.59,34.18,829.08,32.58,416.38,468.72,430.7,162.45
9/25/2023,176.2,110.43,34.33,833.89,33.06,422.15,468.09,432.32,164.34
9/26/2023,171.96,109.72,33.9,816.19,32.26,419.1,461.61,425.93,161.39
9/27/2023,170.37,109.19,34.65,816.81,32.35,424.8,459.31,426.1,158.61
9/28/2023,170.64,111.1,35.18,832,33.43,431.22,476.16,428.33,161.5
9/29/2023,171.15,111.06,35.51,830.58,32.97,435.03,475.89,427.28,161.66
10/2/2023,173.68,111.16,35.5,834.95,32.47,447.88,474.88,427.51,158.54
10/3/2023,172.42,110.19,35.77,814.83,31.41,435.58,467.7,421.86,151.2
10/4/2023,173.44,109.86,35.95,823.81,31.04,440.01,471.36,424.44,149.19
10/5/2023,174.95,109.8,35.89,823.86,30.31,447.04,467.61,424.45,145.45
10/6/2023,177.47,110.88,36.17,845.26,30.9,457.25,479.86,429.5,148.14
10/9/2023,178.9,111.8,36.06,855.88,30.99,452.1,474.1,432.22,143.36
10/10/2023,178.43,112.31,36.43,858.41,31.48,457.91,488.4,434.44,152.93
10/11/2023,179.82,111.12,36.88,874.56,30.98,468.2,485.58,436.42,152.22
10/12/2023,180.71,111.46,36.86,907.19,30.32,469.45,496.04,433.78,150.41
10/13/2023,178.85,108.66,35.97,883.18,29.68,454.61,479.39,431.32,148.99
10/16/2023,178.65,110.51,36.52,902.57,30.06,460.79,481.78,435.85,149.39
10/17/2023,177.21,112.22,36.09,884.4,30.33,439,482.24,435.9,157.59
10/18/2023,175.67,110.73,35.54,887.03,29.48,421.56,472.17,430.82,152.61
10/19/2023,175.26,111.28,35.67,867.83,29.33,420.89,470.17,426.34,153.1
10/20/2023,173,108.65,34.9,853.63,29.65,413.79,460.07,420.99,151.01
10/23/2023,172.81,108.66,33.9,862.22,29.22,429.8,458.59,420.83,152.37
10/24/2023,173.64,109.39,34.59,881.11,28.57,437.98,458.18,424.32,157.7
10/25/2023,171.17,104.78,32.84,849.63,29.01,417.75,449.3,417.78,151.95
10/26/2023,166.7,105.78,32.52,826.75,28.55,403.26,441.52,412.65,150.49
10/27/2023,168.33,106.46,35.56,838.36,27.22,405.03,447.37,410.89,146.05
10/30/2023,170.14,107.83,35.67,841.25,27.36,411.5,437.41,415.65,135.68
10/31/2023,170.7,108.99,36.48,841.37,28.2,407.42,440.12,417.95,139.69
11/1/2023,173.98,113.98,37.29,851.54,28,423.25,447.19,422.65,141.63
11/2/2023,177.68,117.15,37.7,871.3,28.8,435.21,461.49,430.63,149.56
11/3/2023,176.74,119.52,38.14,882.68,29.77,450.13,473.05,434.89,151.49
11/6/2023,179.19,119.24,38.05,880.83,29.14,457.53,473.1,435.6,146.64
11/7/2023,181.89,120.72,38.77,897.82,28.41,459.49,479.46,436.8,145.51
11/8/2023,182.92,120.06,37.92,911.13,27.61,465.89,476.31,437.08,137.97
11/9/2023,182.24,120.1,37.8,911.38,26.65,469.55,482.94,434.88,135.51
11/10/2023,186.47,124.21,38.83,956.3,26.85,483.46,485.25,440.82,131.62
11/13/2023,184.75,123.85,38.24,946.93,26.9,486,488.92,440.29,131.52
11/14/2023,187.49,127.36,39.39,972.96,28.2,496.73,507.41,449.1,146.61
11/15/2023,188.13,128.92,40.6,975.4,28.14,488.68,514.23,449.41,157.15
11/16/2023,189.74,128.65,43.32,959.55,27.48,494.8,509.16,450.2,155
11/17/2023,189.7,129.47,43.71,977.73,28.03,492.72,511.98,450.69,153.96
11/20/2023,191.47,129.51,44.74,995.71,28.52,504.39,519.23,454.11,160.08
11/21/2023,190.63,127.02,43.64,981.62,27.92,500,512.54,453.04,159.45
11/22/2023,191.29,127.5,43.69,972,28.1,486.82,516.18,455.1,160.66
11/24/2023,189.97,127.75,43.93,978.87,28.18,477.75,515.52,455.4,156.32
11/27/2023,190,128.2,44.22,950.3,28.5,482.79,516.15,454.49,156.88
11/28/2023,190.27,126.59,44.23,946.7,28.89,478,511.8,454.95,156.88
11/29/2023,189.37,127.9,44.94,938.57,31.6,481.18,522.96,454.81,157.32
11/30/2023,189.98,129.05,44.81,925.73,31.6,467.78,512.49,456.38,157.02
12/1/2023,191.1,129.67,43.63,930,32.4,467.48,510.7,459.02,157.95
12/4/2023,189.37,129.94,42.35,923.97,33.07,454.8,503.45,456.52,160.41
12/5/2023,193.44,130.75,41.95,912,32.68,465.6,507.55,456.74,158.48
12/6/2023,192.43,129.96,41.21,903.64,32.91,455,512.14,454.76,151.22
12/7/2023,194.22,132.94,42.08,922.26,33.51,466.2,513.65,458.13,144.1
12/8/2023,195.74,132.97,42.7,944.82,33.75,475.03,522.55,460.12,148.86
12/11/2023,193.25,136.1,44.54,1029.5,33.58,466.73,535.3,461.95,145.46
12/12/2023,194.71,136.68,44,1072.26,33.42,476.29,542.56,464.13,139.51
12/13/2023,197.67,138.8,44.57,1090,33.99,480.55,544.92,470.56,138.22
12/14/2023,198.16,141.5,45.2,1106.49,36.08,483.5,568.56,472.07,157.9
12/15/2023,197.37,143.27,46.2,1129.74,35.73,489,573.99,469.64,167
12/18/2023,195.81,141.65,45.65,1149.25,35.44,501.15,563.7,471.7,164.03
12/19/2023,196.89,143.22,46.68,1138.89,35.87,496.04,569.23,474.85,174.14
12/20/2023,194.94,140.6,45.82,1110.38,35.47,481.63,567.44,467.88,168.53
12/21/2023,194.89,142.44,47.1,1127.29,36.25,489.52,564.56,472.6,171
12/22/2023,193.62,143.49,48,1121.98,36.01,488.12,569.96,473.73,170.28
12/26/2023,193,145.46,50.51,1131.89,36.13,492.89,576.52,475.71,172.62
12/27/2023,193.13,145.72,50.84,1126.17,36.08,493.56,579.03,476.51,173.48
12/28/2023,193.73,145.86,50.45,1122.41,36.21,495.33,582.31,476.73,172.69
12/29/2023,192.83,144.63,50.35,1116.25,35.92,495.3,576.22,475.15,172.29
1/2/2024,185.6,140.23,47.77,1085.38,36.05,481.6,559.61,472.56,176.91
1/3/2024,184.29,137.6,47.05,1058.2,35.27,475.69,544.87,468.73,166.6
1/4/2024,181.92,136.16,46.84,1049.01,35.49,480.3,541.52,467.24,167.7
1/5/2024,181.18,136.73,46.9,1048.92,35.99,491,545.62,468,169.51
1/8/2024,185.55,139.03,48.32,1074.85,36.7,522.8,556.5,474.44,165.18
1/9/2024,185.14,139.89,48,1084.6,36.54,531.66,556,473.99,164.33
1/10/2024,186.19,139.42,47.51,1080.76,36.08,543.43,557.84,476.62,161.06
1/11/2024,185.82,139.03,47.6,1101.17,35.62,548.6,553.71,476.24,158.98
1/12/2024,185.88,140.2,47.07,1107.68,35.26,546.9,555.3,476.65,158.39
1/16/2024,183.56,141.33,47.14,1114.96,35.39,563.71,566.29,475.02,154.45
1/17/2024,182.65,139.32,46.03,1103.87,34.92,560.11,553.5,472.26,146.32
1/18/2024,188.67,145.29,46.74,1143.91,34.58,570.91,576.07,476.14,148.05
1/19/2024,191.49,151.94,48.09,1210.78,35.51,594.75,587.24,482.41,141.93
1/22/2024,193.85,152.87,48.27,1220.25,35.32,596.58,598.8,483.53,152.71
1/23/2024,195.11,153.5,48.85,1226.31,35.2,598.76,602.52,484.98,151.02
1/24/2024,194.3,154.37,49.02,1253.5,34.7,613.94,620.92,485.36,150.74
1/25/2024,194.28,154.47,50.05,1230,35.16,616.56,621.09,488,146.09
1/26/2024,192.1,150.72,43.65,1204.88,35.14,609.81,605.39,487.33,148.97
1/29/2024,191.68,149.64,43.81,1217.77,35.62,624.36,595.63,491.09,146.77
1/30/2024,188.22,145.98,42.92,1208.16,38.15,628.1,600.53,490.92,146.97
1/31/2024,184.85,150.25,43.13,1180,38.8,616.15,584.3,482.76,153.95
2/1/2024,186.89,141.1,43.3,1200.01,38.87,630.27,581.99,489.02,148.39
2/2/2024,185.72,141.6,42.55,1224.34,38.91,661.88,591.41,493.77,141.59
2/5/2024,187.59,143.76,42.77,1243.1,37.78,694.04,596.94,492.17,136.94
2/6/2024,189.25,144.1,42.74,1222.65,38.03,682,597.16,493.94,141.75
2/7/2024,189.32,145.89,42.81,1257.62,38.72,701.4,602.51,497.91,146.07
2/8/2024,188.3,148.18,42.52,1274.76,38.65,696.4,618.9,498.25,143.7
2/9/2024,188.75,151,43.3,1281,38.56,721.53,626.79,501.04,147.44
2/12/2024,187.13,153.49,44.03,1267.37,39.28,722.5,638.08,500.93,156.97
2/13/2024,185.1,150.04,43.16,1251.65,38.31,721.2,619.34,494.06,152.61
2/14/2024,184.18,153.94,44.19,1260.72,38.37,738.85,622.5,498.92,155.18
2/15/2024,184.06,156.32,44.05,1265.07,38.99,726.69,629.71,502.02,159.22
2/16/2024,182.26,152.69,43.55,1245.48,38.7,725.68,629.86,499.32,156.34
2/20/2024,181.47,152.24,44.5,1226.55,39.01,694.6,612.26,496.51,154.9
2/21/2024,182.3,152.01,43.45,1227.45,39.49,673,606.61,497.09,148.39
2/22/2024,184.29,154.75,42.94,1304.9,39.34,784.65,639.9,507.38,146.23
2/23/2024,182.67,154.91,42.99,1296.37,39.63,788.99,636.66,507.7,142.66
2/26/2024,181.16,157.03,42.99,1309.13,39.79,791.1,643.44,505.92,144.42
2/27/2024,182.82,158.64,42.73,1296.23,40.03,787.28,646.52,506.93,145.65
2/28/2024,181.21,155.85,42.02,1289.42,40.63,776.5,636.43,506.04,149.92
2/29/2024,180.65,157.79,42.97,1300.49,40.98,794.31,645.2,508.39,152.9
3/1/2024,179.65,163.09,43.72,1399.17,40.99,822.67,669.83,512.75,160.15
3/4/2024,175.05,166.56,45.62,1402.84,40.93,851.03,689.79,512.13,154.45
3/5/2024,170.17,161.75,43.2,1346,40.65,859,674.64,507.34,158.94
3/6/2024,169.2,167.89,44.51,1350,40.15,886.89,691.7,509.96,159.45
3/7/2024,168.89,175.62,46.15,1410,39.35,927.52,236.05,514.81,159.35
3/8/2024,171.07,170.91,44.05,1310.43,39.5,876.78,238.11,512.24,161.83
3/11/2024,172.8,171.11,44.86,1293.12,39.53,857.49,225.05,511.38,163.18
3/12/2024,173.06,173.07,45.02,1291.88,39.21,919.16,228.24,516.81,159.81
3/13/2024,171.13,169.25,43.24,1257.87,40.26,908.25,223.78,516.07,159.47
3/14/2024,173.1,168.45,42.8,1262.27,39.38,879,221.51,514.85,152.21
3/15/2024,172.51,167.07,42.69,1235.5,40.69,878.85,219.51,510,148.03
3/18/2024,173.75,166.92,42.69,1233.51,40.84,884.83,219.78,512.65,149.89
3/19/2024,175.98,164.04,42.05,1238.2,41.51,892.7,214.4,515.81,147.99
3/20/2024,178.1,167.67,42.23,1276,42.85,904,216.78,520.23,146.69
3/21/2024,171.39,170.85,42.42,1345.05,43.42,913.83,228.49,522.22,153.61
3/22/2024,172.38,170.22,42.58,1353.47,43.06,944.26,225.16,521.3,152.91
3/25/2024,171.15,167.52,41.83,1351.58,43.55,949.2,225.43,520.04,154.58
3/26/2024,169.92,167.07,42.09,1331.49,43.85,925.84,225.18,519.13,153.09
3/27/2024,173.42,169.13,43.67,1318.73,44.56,903.25,223.63,523.15,163.08
3/28/2024,171.22,168.96,44.11,1325.41,45.39,903.89,226.46,523.01,167.96
4/1/2024,170.01,171.72,44.52,1350.26,45.4,902.77,227.76,522.15,169.26
4/2/2024,168.81,171.04,43.94,1338.76,44.89,895.25,222.67,518.87,167.46
4/3/2024,169.65,173.91,40.35,1364.11,45.17,890.29,225.77,519.73,164.76
4/4/2024,168.86,169.76,39.76,1314.87,43.68,860.3,227.21,513.37,175.26
4/5/2024,169.57,171.53,38.7,1339.43,44.23,879.26,222.52,518.34,174.49
4/8/2024,168.46,173.62,37.98,1336.1,44.34,871.45,222.16,518.78,178.41
4/9/2024,169.66,175.57,38.28,1334.08,44.62,853.1,222.95,519.61,183.18
4/10/2024,167.9,170.86,37.19,1322.37,43.94,870,220.57,513.87,182.78
4/11/2024,175.34,175.13,37.57,1382.46,43.84,906.25,222.51,517.92,181.56
4/12/2024,176.64,171.16,35.71,1344.07,43.08,882,219.79,510.99,183.61
4/15/2024,172.77,169.84,36.26,1310.69,42.69,859.13,219.85,504.16,180.5
4/16/2024,169.25,168.58,36.26,1329.06,42.66,873.8,216.52,503.16,173.04
4/17/2024,168.23,164.41,35.68,1282.63,42.46,841.49,212.57,500.05,174.73
4/18/2024,167.19,161.44,35.05,1256,42.44,846.1,209.62,499.69,177.17
4/19/2024,164.89,157.63,34.18,1204.71,42.37,763.39,202.09,494.92,176.3
4/22/2024,165.8,160.18,34.32,1224.46,43.24,794.61,200.02,499.19,176.41
4/23/2024,166.88,161.35,34.3,1244.99,45.1,823,205.84,505.42,180.79
4/24/2024,169.05,163.63,34.5,1259.71,45.08,796.38,207.64,505.55,179.18
4/25/2024,169.99,163.3,35.11,1294.42,45.62,829.23,210.1,504.31,172.81
4/26/2024,169.21,165.66,31.87,1344.07,45.94,878.27,215.95,508.28,177.48
4/29/2024,173.52,169.2,31.36,1338.62,46.04,877.57,217.42,510.31,182.11
4/30/2024,170.29,165.85,30.51,1300.27,44.53,865.77,216.9,502.14,178.63
5/1/2024,169.56,170,30.39,1242.86,44.47,830.65,205.64,500.31,175.39
5/2/2024,173.43,179.81,30.52,1238.57,44.67,857.99,210.06,505.5,174.5
5/3/2024,183.24,179.64,30.9,1278.11,44.86,887.89,216.27,511.51,189.15
5/6/2024,181.52,181.85,30.97,1310.31,45.06,920.56,219.53,516.52,195.5
5/7/2024,182.73,180.15,30.66,1303.11,45.28,905.57,221.34,517.16,196.8
5/8/2024,182.86,180.55,29.98,1325.37,45.06,903.27,217.03,517.2,191.97
5/9/2024,184.5,180.54,30.08,1305.67,45.36,887.49,217.92,520.08,190.63
5/10/2024,182.95,182.08,29.87,1332.8,45.21,899.15,220.01,520.66,194.71
5/13/2024,186.2,184.21,30.49,1337.51,45.17,904.11,221.55,520.89,190.91
5/14/2024,187.39,188.83,31.03,1380.03,45.03,913.35,223.03,523.27,185.88
5/15/2024,189.6,194.61,31.3,1436.17,45.49,946.6,227.82,529.32,191.12
5/16/2024,189.74,193.27,32.02,1412.13,45.87,943.6,232.18,528.55,194.25
5/17/2024,189.93,193.86,31.81,1395.29,45.76,924.44,229.6,529.13,198.67
5/20/2024,191.57,197.76,32.13,1414.03,45.11,942.43,233.02,531.11,196.9
5/21/2024,NULL,200.34,31.74,1399.2,44.92,947.35,232,529.95,206.28
5/22/2024,NULL,202.93,31.46,1394.51,43.97,947.1,235.52,530.65,246.76
5/23/2024,NULL,202.14,30.11,1396.57,43.73,1048.11,237.61,531.18,250.3
5/24/2024,NULL,210.36,30.72,1407.84,44.11,1044.07,238.68,529.48,275.04
5/28/2024,NULL,213.12,31.15,1412.45,43.09,1126.21,242.72,530.16,282.79
5/29/2024,NULL,207.6,30.14,1389.29,42.64,1138.11,238.32,525.99,281.83
5/30/2024,NULL,204.8,30.15,1364.08,43.41,1135.55,236.46,522.44,275.92
5/31/2024,NULL,204.05,30.83,1330.5,44.99,1091.73,229.18,527.49,261.54
6/3/2024,NULL,205.91,30.29,1321.85,45.74,1140.21,233.44,527.66,281.02
6/4/2024,NULL,204.37,30.03,1330.82,45.26,1143.17,231.3,528.19,270.53
6/5/2024,NULL,211.94,30.75,1413.09,45.62,1198.27,240.15,534.46,277.23
6/6/2024,NULL,208.89,30.44,1401.27,45.61,1203.29,240.84,534.32,277.95
6/7/2024,NULL,206.5,30.77,1406.64,45.46,1191.6,239.99,533.86,269.82
6/10/2024,NULL,209.35,30.87,1440.47,47.57,121.8,243.02,535.42,273.46
6/11/2024,NULL,208.52,30.9,1461.03,48.2,119.58,240.6,536.64,285.8
6/12/2024,NULL,215.39,30.71,1495.99,48.86,125.49,250.23,541.25,298.22
6/13/2024,NULL,218.09,30.47,1678.95,47.65,128.77,252.22,542.52,289.71
6/14/2024,NULL,215.33,30.46,1735.04,46.77,130.7,250.59,542.62,277.74
6/17/2024,NULL,221.95,30.95,1828.3,47.4,130.97,252.47,546.93,256.41
6/18/2024,NULL,227.09,30.68,1799.08,47.44,134.55,259.51,548.28,261.85
6/20/2024,209.79,215.49,30.64,1734.56,47.77,137.3,256.63,546.69,258.25
6/21/2024,NULL,212.53,31.08,1663.1,47.72,130.04,252.41,545.4,261.22
6/24/2024,NULL,200.84,30.57,1592.21,48.11,120.69,246.08,546.09,261
6/25/2024,NULL,202.17,30.74,1580.79,46.41,125.11,245.9,544.12,260.3
6/26/2024,NULL,197.11,30.45,1590,45.77,124.18,245.07,545.2,249.86
6/27/2024,NULL,194.25,30.59,1586.66,45.58,123.31,243.03,546.28,248.9
6/28/2024,NULL,199.18,30.95,1605.43,46.46,126.05,248.89,544.39,231.43
7/1/2024,NULL,200.03,30.84,1640.8,46.68,123.77,245.19,545.4,223.15
7/2/2024,NULL,200.16,31.02,1657.48,46.95,121.71,246.85,548.56,215.28
7/3/2024,NULL,203.81,31.23,1729.22,46.71,127.24,254.19,550.89,225.8
7/5/2024,NULL,205.75,32.03,1700.34,46.52,127.27,255.33,554.35,223.5
7/8/2024,NULL,207.85,34,1745.86,46.55,128.99,258.86,555.18,224.49
7/9/2024,NULL,207.12,34.57,1733.31,46.26,131.51,259.18,555.92,226.26
7/10/2024,NULL,208.8,34.89,1744.5,46.53,134.17,263.2,561.16,229.67
7/11/2024,NULL,199.85,33.46,1706.15,47.89,128.6,257.09,556.22,229.05
7/12/2024,NULL,201.97,34.61,1700.67,49.01,129.77,261.52,559.95,233.99
7/15/2024,NULL,208.18,34.51,171.22,49.32,129.08,262.04,561.55,213.93
7/16/2024,NULL,209.64,34.31,169,49.71,126.67,260.64,564.57,219.9
7/17/2024,NULL,190.7,34.38,156.3,49.9,119.22,249.11,556.55,209.02
7/18/2024,NULL,191.31,34.89,160.52,49.65,118.13,240.43,552.89,210.91
7/19/2024,NULL,186.01,32.99,157.99,48.3,119.71,239.32,549.22,217.46
7/22/2024,NULL,194.97,33.4,161.16,49.75,121.29,242.14,554.78,220.43
7/23/2024,NULL,193.35,32.98,163.34,46.38,123.47,243.55,554.11,224.72
7/24/2024,218.54,180.68,31.73,151.93,46.49,116.48,234.17,541.35,227.9
7/25/2024,217.56,175.68,31.1,149.24,44.13,114.68,228.44,543.86,222.07
7/26/2024,217.9,180.1,31.38,151.63,44.12,113,228.65,544.85,228.15
7/29/2024,218.43,178.63,30.83,150.08,44.15,113.18,230.89,545.79,222.11
7/30/2024,218.6,166.78,30.14,144.3,44.15,104.58,222.63,540.93,215.73
7/31/2024,222.08,188.76,30.75,160.38,44.32,115.81,232.01,550.84,213.54
8/1/2024,218,165,29.08,148.5,43.37,112.94,223.04,544.79,222.28
8/2/2024,219.84,159.31,21.46,144.03,41.17,107.54,209.5,532.18,216.62
8/5/2024,209.25,157.95,20.08,142.62,39.95,100.83,204.42,518.37,209.69
8/6/2024,207,159.13,19.83,143.68,40.61,105.34,207.15,521.85,212.9
8/7/2024,209.58,156.12,18.96,136.27,40.65,103.91,207.69,518.47,217.04
8/8/2024,213.38,165.57,20.52,146.28,42.73,103.24,210.11,531.77,213.62
8/9/2024,216.03,164.48,19.71,148.26,43.48,104.1,209.99,532.89,210.35
8/12/2024,217.71,162.56,19.37,148.65,42.99,109.08,214.01,533.46,220.03
8/13/2024,220.98,169.47,20.4,156.37,43.32,113.92,218.83,541.74,226.02
8/14/2024,221.69,167,19.91,157.69,43.61,118.27,223.05,543.93,231.3
8/15/2024,224.4,173.33,20.7,166.07,44.86,121.97,230.72,553.02,228.76
8/16/2024,226.16,172.18,20.87,165.82,45.32,123.46,230.17,554.28,225.35
8/19/2024,225.82,174.26,21.52,167.35,45.76,126.72,229.82,559.24,229.62
8/20/2024,226.52,172.09,20.99,166.03,45.51,128.25,232.73,558.78,220.52
8/21/2024,226.5,174.22,21.38,165.66,46.56,127.36,233.49,560.83,222.95
8/22/2024,224.72,169,20.12,162.34,46.46,125.5,230.3,556.18,218.66
8/23/2024,226.91,173.5,20.52,166.29,48.57,127.73,231.61,561.97,224.93
8/26/2024,227.11,169.41,20.18,160.05,48.75,126.37,227.42,560.61,241.48
8/27/2024,228,174.08,20.06,160.65,49.25,127.91,228.72,561.58,229.5
8/28/2024,225.9,171.9,19.63,158.1,49.05,125.54,226.05,557.73,230.3
8/29/2024,229.56,169.49,20.13,157.6,49.47,121.38,230.4,558.69,227.35
8/30/2024,228.8,175.15,22.06,162.5,49.6,117.88,227.81,563.25,224.34
9/3/2024,222.53,163.02,20.12,153.01,48.41,110.58,217.85,552.25,213.53
9/4/2024,220.75,165.33,19.41,154.31,48.45,107.84,214.61,550.81,214.88
9/5/2024,222.37,163.7,19.41,153.34,48.15,106.47,212.23,549.65,215.79
9/6/2024,220.8,158.19,18.91,136.89,47.14,101.53,203.32,539.87,208.48
9/9/2024,220.98,160.78,19.09,140.42,47.4,105.28,206.99,546.58,205.4
9/10/2024,220.16,162.06,18.96,148.35,44.82,105.28,205.4,548.57,202.37
9/11/2024,222.09,166.96,19.68,158.64,44.67,111.2,211.47,554.22,235.06
9/12/2024,222.68,164.98,19.35,164.8,46.14,118.29,217.63,558.71,233.95
9/13/2024,222.38,167.73,19.66,167.64,46.32,119.06,222.37,561.89,234.52
9/16/2024,216.19,166.61,20.94,164,46.87,116.32,218.29,562.65,234.22
9/17/2024,216.69,168.7,21.47,162.6,47.52,117.39,222.6,563.03,240.95
9/18/2024,220.54,168.2,20.78,161.28,48.66,114.02,218.41,561.29,238.54
9/19/2024,228.71,174.12,21.18,168,48.62,118.91,227.49,570.72,245.75
9/20/2024,228.4,168.92,21.92,170.8,48.88,116.17,222.16,568.07,238.11
9/23/2024,226.5,165.96,22.59,173.26,48.04,116.24,224.21,569.74,243.02
9/24/2024,227.37,166.95,22.82,174.8,48.07,120.83,228.08,571.09,246.87
9/25/2024,226.18,168.27,23.58,175.23,46,123.53,227.96,569.95,242.67
9/26/2024,227.82,172.66,23.92,178.11,45.81,124.24,234.28,572.37,252.3
9/27/2024,227.61,170.13,23.9,172.31,46.48,120.77,232.91,571.32,261.35
9/30/2024,232.9,170.05,23.38,172.5,44.9,120.9,229.68,573.38,252.81
10/1/2024,226.16,166,22.69,167.94,44.88,117.09,223.76,569.15,250.49
10/2/2024,226.78,168.32,22.37,170.66,44.82,118.87,229.01,568.82,235.39
10/3/2024,225.71,168.92,22.27,171.7,44.98,123.08,228.42,567.79,235.71
10/4/2024,226.78,168.9,22.58,176.33,45.55,124.24,230.74,572.81,233.55
10/7/2024,221.62,166.94,22.4,175.08,45.98,129.07,230.9,567.94,228.25
10/8/2024,225.73,165.9,23.33,180.75,46.01,132.06,232.6,572.91,224.19
10/9/2024,229.49,170.22,23.4,185.95,47.93,132.66,234.93,576.92,227.5
10/10/2024,229.11,168.42,23.21,185.7,47.69,134.96,234.72,576.07,207.56
10/11/2024,227.55,170.11,23.57,181.68,47.79,135.01,235.84,579.61,212.96
10/14/2024,231.3,178.04,23.44,182,48.63,137.74,238.76,584.28,211.79
10/15/2024,233.88,174.09,22.7,176.1,47.85,130.7,229.76,579.87,204.29
10/16/2024,231.78,171.59,22.31,176.82,49.01,133.88,227.81,582.13,204.17
10/17/2024,232.23,171.1,22.46,181.53,49.38,140.06,232.84,582.53,207.35
10/18/2024,234.99,170.92,22.75,179.65,49.18,137.8,229.32,584.54,201.99
10/21/2024,236.54,169.03,22.86,179.94,48.93,141.3,227.47,583.64,195.66
10/22/2024,235.76,173.5,22.39,179.25,53.75,143.06,226.87,583.08,201.2
10/23/2024,230.53,166.6,21.97,173.51,52.89,140.65,227.47,577.79,194.41
10/24/2024,230.63,168.1,22.32,170.95,52.72,139.64,226.66,579.5,194.19
10/25/2024,231.66,170.27,22.73,172.94,52.09,143.68,232.33,579.04,200.14
10/28/2024,233.41,172.22,22.92,172.02,52.73,140.36,230.32,580.72,204.78
10/29/2024,233.72,176.35,22.91,180,51.54,141.89,233.07,582.03,204.99
10/30/2024,230.21,167.62,22.26,176.54,51.97,139.77,228.5,579.04,195.01
10/31/2024,225.91,163.14,21.68,169.77,50.76,133.12,217.79,569.22,197.81
11/1/2024,222.97,165.27,23.2,168.92,50.98,136.55,222.13,571.39,201.09
11/4/2024,222.01,165.18,22.48,168.55,51.8,137.74,221.36,569.73,219.86
11/5/2024,223.39,165.91,23.33,173.9,53.66,138.98,220.66,576.77,211.01
11/6/2024,222.47,188.73,25.08,180,55.05,143.78,225.74,591.24,188.52
11/7/2024,227.41,172.91,26.22,183.91,55.39,147.99,232.82,595.53,197.15
11/8/2024,227.25,170.91,26.26,183.65,55.79,147.08,231.36,598.3,188.42
11/11/2024,224.35,168.29,25.05,178.91,57.66,146.07,225.68,598.36,193.06
11/12/2024,224.03,163.41,24.15,176.22,57.41,148.5,223.04,597.06,181.67
11/13/2024,225.12,160.42,24.98,174.38,57.85,147.21,219.26,597.21,184.25
11/14/2024,228.06,163.97,25.1,170.38,57.62,148.69,220.05,593.26,180.6
11/15/2024,225.02,160.5,24.35,164.84,57.06,143.08,212.96,586.31,195.5
11/18/2024,228.11,164.5,24.88,165.67,56.25,140.15,213.06,588.15,191.9
11/19/2024,228.35,164.83,24.18,165.35,55.11,144.22,213.47,590.68,191.49
11/20/2024,228.76,154.27,24.02,163.47,54.87,146.15,211.95,590.69,187.85
11/21/2024,228.61,155.46,24.45,164.19,55.68,144.63,214,593.68,187.34
11/22/2024,229.92,156.79,24.5,164.23,58.53,143.76,215.89,595.84,186.24
11/25/2024,232.68,158.82,24.84,164.82,60.51,137.15,218.64,597.37,191.74
11/26/2024,235.11,156.9,24.02,164.74,54.75,136.35,216.25,600.96,190.36
11/27/2024,235,156.4,23.63,159.65,55.5,132.78,210.29,598.82,191.09
11/29/2024,237.4,158.53,24.05,162.08,55.59,138.47,217.19,602.78,195.11
12/2/2024,239.66,163.03,23.95,166.51,55.04,138.7,219.74,603.8,209.98
12/3/2024,242.61,162.5,22.49,167.69,53.66,138.83,220.35,603.92,203.68
12/4/2024,243.02,163.34,21.95,170.53,53.36,141.97,222.45,607.37,202.11
12/5/2024,243.04,160.52,20.82,170.47,53.39,145.33,220.13,606.41,197.11
12/6/2024,242.5,159.51,20.89,179.01,53.21,143.6,220.11,607.94,196.81
12/9/2024,246.73,160.74,20.84,178.83,52.71,138,220.36,604.55,204.38
12/10/2024,247.75,156.46,20.15,171.99,52.73,138.05,216,602.92,195.35
12/11/2024,246.33,159.83,20.11,183.23,52.04,136.02,216.1,607.24,198.43
12/12/2024,248.25,158.24,20.77,181.04,52.3,137.18,216.86,604.32,200.58
12/13/2024,248.13,158.53,20.33,225,52.53,134,220.3,604.08,196.48
12/16/2024,250.92,157.89,20.83,249.88,52.24,132.11,225.53,606.84,195.18
12/17/2024,253.31,157.92,20.45,240.15,51.15,129.06,223.42,603.88,188.87
12/18/2024,248,152.92,19.33,223.55,49.99,136.17,226.18,586.27,192.7
12/19/2024,250,150.4,19.06,218.32,50.34,131.69,213.6,586.38,181
12/20/2024,254.72,152.89,19.54,221.13,51.81,132.97,214.95,591.97,179.09
12/23/2024,255.12,158.24,20.2,232.33,52.56,136.72,218.47,595.11,183.44
12/24/2024,258.2,159.36,20.33,240,53.51,141.22,222.79,601.3,188.65
12/26/2024,259.1,158.53,20.44,245.3,54.18,139.44,224.2,601.24,186
12/27/2024,255.85,157.24,20.35,242.16,54.28,135.98,220.26,595.12,182.17
12/30/2024,252.2,154.5,19.81,235.5,53.66,138.08,217.12,588,176.21
12/31/2024,250.57,153.62,20.06,232.07,53.27,136.53,217.32,586.18,179.44
1/2/2025,243.77,153.64,20.22,231.98,51.37,137.48,218.32,584.96,186.42
1/3/2025,243.36,157.83,20.53,231.72,51.77,143.18,219.91,591.82,186.26
1/6/2025,244.82,160.08,19.86,236.02,53.53,151.61,230.7,595.65,196.6
1/7/2025,242.24,160.52,20.02,229,51.98,142.5,229.43,588.8,197.71
1/8/2025,242.75,159.37,19.86,229.31,51,140.26,223.72,589.93,191.2
1/9/2025,NULL,NULL,NULL,NULL,NULL,NULL,NULL,NULL,NULL
1/10/2025,237,156.98,19.16,224.67,49.85,135.51,218.31,580.71,189.47
1/13/2025,234.42,157.13,19.19,225.5,49.93,131.83,215.65,581.5,181.97
1/14/2025,233.24,159.95,19.21,224.98,50.94,130.87,217.56,582.6,185.16
1/15/2025,237.87,164.41,19.68,227.89,51.7,135.2,223.9,592.81,190.66
1/16/2025,228.19,161.43,19.65,229.44,51.84,136.8,226.44,591.64,192.09
1/17/2025,230,164.56,21.44,237.44,50.97,137.84,229.02,597.51,191.81
1/21/2025,222.69,167.14,21.8,240.17,53.89,138.77,230.98,603.17,185.52
1/22/2025,223.75,170.01,21.87,240.75,52.76,145.76,236.36,606.38,177.78
1/23/2025,223.49,174.15,21.53,239.95,54.22,145.99,232.94,609.42,166.79
1/24/2025,222.73,172.11,20.8,244.58,53.91,145.41,232.75,607.82,170.99
1/27/2025,229.6,171.18,20.44,202.2,54.99,122.86,216.26,599.33,162.02
1/28/2025,238.49,171.41,19.79,207.7,50.01,120.87,211.2,604.19,159.9
1/29/2025,239.42,171.71,19.74,206,49.75,122.78,213.88,600.94,169.4
1/30/2025,237.5,171.93,20.04,215.65,49.5,118.75,216.44,605.32,169
1/31/2025,236,172.93,19.42,221.87,49.41,126.99,223.54,602.05,167.99
2/3/2025,228.01,170.74,19.4,217.39,47.93,117.89,216.08,597.57,168.55
2/4/2025,232.8,173.04,19.3,222.3,48.57,119.87,216.34,601.8,168.25
2/5/2025,232.47,179.98,19.65,232.32,47.81,122.63,217.42,604.15,168.72
2/6/2025,233.22,169.16,19.38,230.94,47.93,126.59,218.96,605.63,166.18
2/7/2025,227.74,167.96,19.12,225.09,47.39,129.28,217.53,601.14,167.78
2/10/2025,227.59,171.36,19.76,235,46.57,133.99,218.97,604.53,167.36
2/11/2025,232.68,171.99,21,234.88,46.7,133.98,220.7,605.15,164.64
2/12/2025,236.87,170.29,22.51,236.4,47.69,131.23,217.8,603.49,159.35
2/13/2025,241.42,172.15,24.09,235.84,47.89,135.81,222.33,609.43,160.77
2/14/2025,244.56,172.23,23.6,232.88,48.37,137.76,NULL,609.49,161.03
2/18/2025,244.35,173.64,27.36,227.93,48.13,140.03,NULL,611.29,161.63
2/19/2025,244.85,175.22,25.76,228,47.8,140.02,NULL,612.4,165.52
2/20/2025,245.8,173.7,26.1,226.95,47.89,137.54,NULL,610.22,160.95
2/21/2025,245.8,165.79,24.9,218.88,46.29,139.49,NULL,600.25,157.47
2/24/2025,247.59,161.1,24.33,208,46.57,132.08,NULL,597.25,151.65
2/25/2025,247.23,161.55,23,202.54,46.71,126.1,NULL,594.6,149.14
2/26/2025,240.17,162.93,23.57,213.83,48.23,132.19,NULL,594.87,164.61
2/27/2025,237.27,154.59,23.14,197.42,47.63,126.39,NULL,584.93,151.34
2/28/2025,241.24,157.52,23.74,199.38,49.05,122.9,NULL,593.93,137.9
3/3/2025,238,153.97,22.79,187.58,47.38,118.84,209.09,584.36,133.84
3/4/2025,236.23,155.45,21.34,188.83,45.22,112.74,199.41,577.51,131.65
3/5/2025,235.78,158.49,20.81,191.69,48.48,115.77,202.57,583.05,129.82
3/6/2025,235.09,156.04,20.74,179.84,47.2,114.47,202.18,573.12,131.04
3/7/2025,238.89,161.22,20.57,194.98,47.44,111.03,199,575.59,137.61
3/10/2025,227.05,154.77,19.89,184.35,48.08,107.3,196.01,560.41,138.13
3/11/2025,220.76,153.1,19.8,189.9,48.25,108.71,191.41,556.85,138.75
3/12/2025,216.58,152.62,20.64,194.06,47.9,115.43,197.06,558.62,135.13
3/13/2025,209.68,151.94,23.7,191.41,46.99,115.75,195.67,551.9,134.46
3/14/2025,213.3,156.1,24.01,194.81,48.34,120.92,200.75,562.28,132.23
3/17/2025,214.19,157.95,25.71,194.67,49,119.3,202.68,566.82,134.35
3/18/2025,213,156.32,25.98,189,48.67,116.47,200.44,561.6,127.15
3/19/2025,215.29,158.26,24.14,195.45,49.79,117.53,203.02,567.35,128.98
3/20/2025,214.1,157.94,23.96,190.48,49.44,119.5,203.2,565.87,129.85
3/21/2025,218.05,156.82,24.3,191.55,49.8,116.71,197.47,564.25,130.37
3/24/2025,220.62,159.77,24.22,190.95,51.46,121.71,205.96,574.28,131.17
3/25/2025,223.83,160.15,24.2,188.38,52.32,120.52,204.83,575.6,130.71
3/26/2025,221.3,158.44,23.42,179.27,50.95,113.97,198.97,568.74,126.77
3/27/2025,223.78,157.97,23.68,171.99,47.2,112.12,194.19,567.41,128.81
3/28/2025,218.04,152.72,22.66,169.29,46.68,109.59,188.85,555.5,128
3/31/2025,222.1,153.25,22.63,166.62,47,105.42,184.58,557.96,124.41
4/1/2025,222.75,153.05,22.01,168.5,47.26,109.22,187.82,561,124.71
4/2/2025,223.3,154.08,21.94,172.09,47.75,109.9,188.68,564.47,128.14
4/3/2025,203.25,139.3,22.42,154.06,45.85,103.35,173.69,537.52,133.76
4/4/2025,188.55,127.44,19.9,146.67,44.18,94.82,159.35,505.6,126.82
4/7/2025,181.9,131.53,19.57,154.64,43.53,95.98,157.97,505.1,131.19
4/8/2025,172.42,124.97,18.4,156.05,42.48,102.27,165.86,496.53,129.65
4/9/2025,198.75,142.02,21.57,185.08,45.74,98.38,156.61,544.3,118.61
4/10/2025,190.42,133.5,19.86,172.13,43.73,105.91,167.05,524.55,120.49
4/11/2025,198.1,139.1,19.72,181.04,43.63,109.58,168.44,534.34,121.28
4/14/2025,202.58,139.19,20.31,178.5,45.14,109.71,171.73,539.42,129.64
4/15/2025,202.14,138.6,19.87,178.95,44.54,112.79,175.16,537.82,128.57
4/16/2025,194.27,135.74,19.25,174.75,44.22,104.38,167.97,525.57,126.28
4/17/2025,197.41,136.66,18.95,170.99,44.57,100.42,165.66,526.53,125.71
4/21/2025,192.91,136.14,18.84,166.53,44.39,96.09,160.53,513.98,122
4/22/2025,199.88,138.74,19.52,169.8,45.16,99.2,166.95,528.01,137.44
4/23/2025,204.76,140.46,20.63,176.91,45.84,103.17,174.16,535.29,131.89
4/24/2025,208.44,147.21,21.52,188.15,46.88,105.32,181.15,546.71,136.32
4/25/2025,209.1,148.56,20.01,191.8,47.11,109.01,182.83,550.59,138.33
4/28/2025,210.08,147.62,20.49,192.47,47.24,107.2,181.74,550.7,140.52
4/29/2025,211,147.7,20.34,190.62,46.9,108.91,182.69,554.4,139.27
4/30/2025,212.34,148,20.13,192.12,45.08,106.6,180.89,554.94,126.83
5/1/2025,213.49,135.21,19.99,197.35,45.05,113.42,185.55,559.19,127.8
5/2/2025,205.26,139.81,20.6,203.64,45.3,114.78,190.74,566.79,128.54
5/5/2025,198.9,139.12,20.29,200.72,45.3,113.64,188.9,563.4,124.64
5/6/2025,198.51,140.12,19.91,199.67,45.46,112.83,186.87,558.77,129.32
5/7/2025,196.25,144.68,20.34,205.7,45.47,113.89,187.21,562.19,129.43
5/8/2025,197.4,145.05,21.01,208,47.35,118.04,193.73,565.54,132.13
5/9/2025,198.38,145.18,21.42,208.2,47.5,116.65,193.4,564.28,139.7
5/12/2025,210.88,151.93,22.19,221.77,49.61,121.78,207.26,583.25,150.4
5/13/2025,212.69,151.23,22.53,232,50.46,129.66,213.97,586.5,187.1
5/14/2025,212.3,152.98,21.52,232,50.03,134.56,214.38,587.22,195.07
5/15/2025,211.2,152.61,21.6,231.5,50.12,134.73,213.27,590.48,186.52
5/16/2025,211.17,152.5,21.64,228.28,50.37,134.87,212.13,594.04,178.7
5/19/2025,208.7,153.7,21.38,230.62,50.03,135.08,211.01,594.48,169.68
5/20/2025,206.8,153.61,21.28,231.68,50.21,134.09,210.85,592.45,168.99
5/21/2025,202,151.51,20.74,229.73,49.37,136.88,213.59,583.02,164.05
5/22/2025,201.15,147.37,20.55,232,49.28,133.47,207.13,583.22,155.45
5/23/2025,195.6,145.38,20.06,228.72,48.69,130.71,201.06,578.99,158.8
5/27/2025,200.19,148.63,20.55,235.23,49.09,135.21,209.39,590.85,156.41
5/28/2025,200.4,147.09,20.37,239.13,48.13,135.59,209.11,586.95,154.89
5/29/2025,199.91,148.34,20.2,241.97,48.59,140.22,208.35,589.73,156.79
5/30/2025,201.1,145.47,19.58,242.01,49.61,135.21,204.95,590.39,158.85
6/2/2025,201.95,146.63,19.74,248.71,47.71,137.32,206.44,592.85,150.84
6/3/2025,203.2,148.94,20.28,256.49,48.64,141.36,212.59,595.89,156.91
6/4/2025,202.9,149.05,20.27,261.23,47.67,141.03,216.46,595.83,160.04
6/5/2025,200.88,147.46,20.01,261.6,47.25,143.65,220.1,593.56,161.89
6/6/2025,203.85,149.24,20.04,246.82,47.47,142.22,219.52,598.95,165.48
6/9/2025,201.38,155.41,20.47,244.68,47.93,142.74,222.45,599.44,162.61
6/10/2025,202.53,159.13,22.12,244.01,48.93,142.76,226.55,602.69,164.41
6/11/2025,198.66,159.61,20.68,252.91,49.87,143.85,228.14,601.08,169.65
6/12/2025,198.98,158.7,20.76,256.44,49.26,144.32,227.11,603.52,166.03
6/13/2025,196.17,154.72,20.15,248.7,48.65,143.02,224.05,597.2,168.15
6/16/2025,198,156.87,20.67,251.25,49.27,145.73,227.51,602.9,171.57
6/17/2025,195.74,154.46,20.81,249.37,48.28,144.78,227.97,597.92,144.17
6/18/2025,196.54,153.63,21.47,251.26,48.09,144.97,227.48,598.07,144.52
6/20/2025,201.05,151.32,21.1,250.33,48.2,143.9,224.72,595.23,146.07
6/23/2025,201.46,153.01,21.18,253.15,48.52,143.8,225.39,599.72,141.82
6/24/2025,200.41,155.6,22.52,263.77,49,146.69,233.58,606.73,147.23
6/25/2025,201.56,155.93,22.22,264.65,48.13,151.62,235.79,606.85,149.77
6/26/2025,200.76,158.19,22.47,269.7,49.05,155.39,239.04,611.5,156.67
6/27/2025,201.1,159.31,22.67,269.35,49.65,158.23,239.91,614.4,154.64
6/30/2025,205.2,159.26,22.4,275.65,49.21,158.04,239.63,617.93,167.52
7/1/2025,207.96,159.4,22.85,265.7,52.03,152.85,237.26,617.29,167.17
7/2/2025,212.44,162.32,21.87,269.9,52.68,156.67,241.92,620.24,173.89
7/3/2025,213.4,162.21,22.49,275,52.89,159.55,243.63,625.34,183.98
7/7/2025,209.88,158.27,21.97,274.18,51.8,158.37,240.5,620.29,178.03
7/8/2025,210.03,159.45,23.57,271.8,52.19,159.12,243.59,620.36,169.2
7/9/2025,211.13,159.35,23.46,277.59,52.57,163.27,242.89,624.07,165.23
7/10/2025,212.35,159.01,23.79,275.64,53.15,162.96,247.14,625.74,164.89
7/11/2025,210.84,157.98,23.42,274.37,53.39,166.47,246.15,623.52,163.66
7/14/2025,208.59,154.29,23.33,275.67,53.33,165.08,243.49,624.57,160.98
7/15/2025,209.07,154.49,22.93,281.71,52.71,171.33,247.86,622.15,168.89
7/16/2025,210.15,154.07,22.7,280.11,53.18,170.25,241.98,624.03,167.83
7/17/2025,210.02,152.61,22.81,286.49,53.39,173.31,246.82,627.76,175.44
7/18/2025,211.1,154.67,23.12,283.34,53.22,172.41,247.04,627.59,176.82
7/21/2025,212.48,158.97,23.23,288.21,53.21,172.22,248.41,628.88,176.53
7/22/2025,214.51,157.99,23.28,278.59,48.94,168.04,242.96,628.78,179.67
7/23/2025,214.5,159.88,23.49,283.49,53.15,169.37,241.52,633.59,179.33
7/24/2025,214.03,158.84,22.65,288.71,52.34,172.56,241.56,634.34,179.23
7/25/2025,213.74,158.4,20.68,290.37,53.4,174.08,240.59,636.9,183.85
7/28/2025,213.86,161.05,20.67,294.3,53.45,174.93,245.41,637.1,182.69
7/29/2025,211.24,162.81,20.41,297.1,52.11,176.64,246.59,635.19,182.77
7/30/2025,209,159.8,20.29,302.9,51.7,178.75,248.35,634.55,179.19
7/31/2025,208.01,146.91,19.82,293.93,53.34,180.62,243.05,632.16,174.46
8/1/2025,202.34,148.3,19.38,288.64,52.53,176.43,238.85,621.82,186.96
8/4/2025,203,147.41,19.48,297.1,52.77,178.53,240.52,630.95,185.09
8/5/2025,202.92,146.87,20.2,293.19,52.58,177.24,238,627.88,185.31
8/6/2025,213.14,145.71,20.39,301.36,52.47,178.97,235.85,632.48,186.4
8/7/2025,220.23,146.01,19.81,303.9,52.95,181.62,241.23,632.74,187.65
8/8/2025,229.25,147.56,19.94,304.97,53.53,183.06,242.86,637.34,184.82
8/11/2025,227.18,147.97,20.68,303.9,54.01,183.53,245.6,635.77,182.48
8/12/2025,229.61,153.69,21.78,312.59,54.16,182.19,248.8,642.55,186.5
8/13/2025,233.76,156.6,22.22,308.58,55.58,180.32,252.48,644.98,186.97
8/14/2025,232.78,158.09,24.08,311.23,56.42,181.85,252.34,644.66,178.91
8/15/2025,231.59,157.85,24.54,306.34,56.31,179.36,248.91,643.14,185.35
8/18/2025,230.89,158.9,23.65,305.14,56.23,181.45,248.65,643.24,218.09
8/19/2025,230.7,156.41,25.3,295.04,57.06,178.3,247.14,639.96,213.2
8/20/2025,225.96,155.44,23.53,291.17,56.77,172.04,240.24,638.05,208.28
8/21/2025,224.9,154.13,23.52,289.97,56.51,174.59,241.8,635.62,192.85
8/22/2025,227.75,158.01,24.78,294,58.37,177.88,249.88,645.26,199.43
8/25/2025,227.41,156.42,24.55,294.23,58.28,181.74,249.43,642.66,201.26
8/26/2025,229.2,159.17,24.32,298.01,58.8,181.26,250.76,645.12,197.9
8/27/2025,230.32,159.96,24.88,300.25,58.75,181.98,250.88,646.61,193.63
8/28/2025,232.65,160.8,24.9,308.65,58.49,178.49,252.09,648.65,199.22
8/29/2025,232.4,160.73,24.38,297.3,58.59,173.87,246.11,644.84,197.04
9/2/2025,229.2,158.78,24.22,298.24,58.53,167.72,239.3,640.32,192.4
9/3/2025,238.44,157.28,24.01,303.16,57.75,171.15,240.24,643.85,201.08
9/4/2025,239.74,159.65,24.58,306.5,58.15,170.54,242.22,648.9,200.73
9/5/2025,239.6,159.84,24.5,334.1,58.27,166.52,246.33,646.97,205.25
9/8/2025,237.9,160.24,24.46,345.65,58.2,169.89,248.8,648.77,199.81
9/9/2025,234.33,158.6,24.42,336.66,58.01,168.09,248.65,650.08,198.85
9/10/2025,226.79,158.75,24.77,369.43,57.34,177.73,253.88,652.23,206.57
9/11/2025,229.98,161.51,24.62,359.98,58.71,178,255.48,657.49,205.97
9/12/2025,233.99,161.83,24.07,359.99,58.5,177.55,255.39,657.32,204.21
9/15/2025,236.3,161.22,24.78,364.3,58.95,177.74,256.97,660.57,204.11
9/16/2025,238.16,164.14,25.25,360.01,58.46,175.18,256.75,660.01,206.27
9/17/2025,238.9,165.26,24.89,345.35,58.73,169.45,258.1,659.56,211.9
9/18/2025,237.91,168.56,30.56,345.69,59.26,176.01,268.31,662.39,208.95
9/19/2025,245.6,166.83,29.59,345.25,58.98,176.3,265.02,663.71,214.5
9/22/2025,256.16,169.72,28.76,338.11,58.88,175.57,268.81,666.55,216.21
9/23/2025,254.48,169.53,29.37,338.5,58.58,180.08,271.29,663.3,220.06
9/24/2025,252.2,173.37,31.24,339.31,59.92,176.26,266.97,661.31,223.82
9/25/2025,256.87,169.68,33.94,335.57,60.59,179.84,268.79,658.2,220.2
9/26/2025,255.46,169.2,35.49,334.53,61.24,175.86,267.09,661.85,220.85
9/29/2025,254.32,165.3,34.47,327.88,61.12,182.13,271.03,663.72,226.26
9/30/2025,254.32,166.36,33.52,329.74,60.97,186.81,269.43,665.73,219.1
10/1/2025,255.4,166.49,35.99,333.31,61.34,187.51,273.3,668.45,227.31
10/2/2025,257.2,168.85,37.26,338.08,59.36,189.53,281.3,669.37,231.05
10/3/2025,258.03,169.18,36.81,338.37,59.92,188.91,282.99,669.3,233.23
10/6/2025,256.85,168.62,36.59,336.02,58.19,187.05,291.53,671.56,229.95
10/7/2025,256.6,165.45,37.2,336.41,57.26,185.83,283.67,669.46,226.79
10/8/2025,258.15,167.77,37.4,344.81,56.4,187.91,288.72,672.95,228.57
10/9/2025,254.03,165.66,37.75,345.11,55.92,194.16,289.92,671.13,234.77
10/10/2025,245.14,154.16,36.5,325.13,55.35,189.16,279.49,652.98,229.96
10/13/2025,247.49,161.68,37.19,356.7,55.62,188.22,284.67,662.96,231.85
10/14/2025,247.79,161.74,35.58,344.79,56.8,182.68,282.26,662.72,227.56
10/15/2025,249.4,163.32,37.15,351.33,57.8,180.59,286.32,665.53,236.24
10/16/2025,247.5,163.96,36.8,354.11,57.34,181.6,289.27,660.81,240.23
10/17/2025,252.29,163.45,37.01,349.11,58.38,182.34,286.92,664.29,232.17
10/20/2025,262.32,167.04,38.12,349.24,58,183.64,293.85,671.17,234.52
10/21/2025,262.89,168.83,38,342.84,66.67,182.19,292.13,671.27,227.18
10/22/2025,258.32,169.27,36.92,340.3,67.31,179.3,284.25,668,220.15
10/23/2025,259.85,170.03,38.12,344.29,66.95,182.18,290.57,671.69,227.29
10/24/2025,262.82,168.94,38.28,354.13,69.77,185.34,296.8,677.01,240.24
10/27/2025,265.29,187.7,39.55,362.56,69.38,190.89,303.93,685.19,245.64
10/28/2025,268.96,180.99,41.49,372.9,69.86,193.46,304.24,686.77,246.43
10/29/2025,267.81,178.41,41.34,386.12,69.13,207.21,310.8,687.63,242.31
10/30/2025,271.34,177.14,40.16,376.47,68.67,202.59,306.79,680.46,239.23
10/31/2025,271.13,181.89,40,369.67,69.09,203.36,307.12,681.89,262.02
11/3/2025,267.39,180.75,39.49,362.63,68.22,207.95,309.13,683.16,268.02
11/4/2025,268.61,173.21,37.08,352.38,66.87,201.73,302.81,675.56,266.21
11/5/2025,269.18,173.04,38.21,358.3,68.77,202.69,303.82,677.27,277.63
11/6/2025,272.41,173.2,37.21,354.86,68.84,190.75,297.44,670.5,272.65
11/7/2025,270.84,171,38.15,349.42,70.75,180.87,286.94,671.18,259.79
11/10/2025,270.65,171.57,38.45,358.39,71.05,194.48,299.06,681.34,269.7
11/11/2025,275.32,173.98,37.96,352.07,71.22,192.32,296.07,683.03,263.51
11/12/2025,273.47,176.67,37.85,355.35,71.84,192.32,299.16,683.59,264.13
11/13/2025,273.1,174.5,35.96,340.32,71.89,186.87,291.76,672.67,262.17
11/14/2025,272.41,173.98,35.48,342.5,70.52,188.53,288.52,671.66,255.36
11/17/2025,268.07,166.37,34.7,343.69,67.91,186.8,287.76,666.01,254.87
11/18/2025,267.44,165.06,34.29,340.5,67.93,181.49,276.91,659.78,250.93
11/19/2025,268.3,166.11,35.1,354.35,68.5,186.96,281.61,662.76,251.87
11/20/2025,265.73,159.59,33.63,347,67.97,181,268,652.68,245.84
11/21/2025,270.84,160.13,34.49,336.89,70.33,178.65,263.24,659.42,245.41
11/24/2025,273.78,166.17,35.75,372.5,71.08,182.73,280.79,668.93,256.28
